CAMPUS,CAMPNAME,CPET504C,CPET504P,CPETALLC,CPETASIC,CPETASIP,CPETATTC,CPETATTD,CPETATTP,CPETBLAC,CPETBLAP,CPETDISC,CPETDISP,CPETDSLC,CPETDSLP,CPETECOC,CPETECOP,CPETFEMC,CPETFEMP,CPETFOSC,CPETFOSP,CPETHISC,CPETHISP,CPETHOMC,CPETHOMP,CPETIMMC,CPETIMMP,CPETINDC,CPETINDP,CPETLEPC,CPETLEPP,CPETMALC,CPETMALP,CPETMIGC,CPETMIGP,CPETMLCC,CPETMLCP,CPETNEDC,CPETNEDP,CPETPCIC,CPETPCIP,CPETRSKC,CPETRSKP,CPETTT1C,CPETTT1P,CPETTWOC,CPETTWOP,CPETWHIC,CPETWHIP,DISTNAME,DISTRICT
"'101912001","AUSTIN H S",45,3,1510,1,0.1,212,1299,16.3,123,8.1,41,2.4,32,2.1,1447,95.8,678,44.9,0,0,1374,91,26,1.7,49,3.2,2,0.1,494,32.7,832,55.1,1,0.1,0,0,63,4.2,1,0.1,1175,77.8,1510,100,2,0.1,7,0.5,"HOUSTON ISD","'101912"
"'101912002","BELLAIRE H S",226,7,3213,402,12.5,351,2716,12.9,672,20.9,71,2,122,3.8,1436,44.7,1641,51.1,0,0,1320,41.1,6,0.2,89,2.8,9,0.3,436,13.6,1572,48.9,0,0,0,0,1777,55.3,5,0.2,1246,38.8,3213,100,74,2.3,731,22.8,"HOUSTON ISD","'101912"
"'101912003","NORTHSIDE H S",45,3.1,1431,0,0,162,1165,13.9,212,14.8,16,1,42,2.9,1337,93.4,691,48.3,0,0,1204,84.1,5,0.3,10,0.7,3,0.2,358,25,740,51.7,0,0,0,0,94,6.6,0,0,896,62.6,1431,100,2,0.1,10,0.7,"HOUSTON ISD","'101912"
"'101912004","FURR H S",25,2.3,1110,5,0.5,174,922,18.9,200,18,37,3,34,3.1,1068,96.2,541,48.7,5,0.5,883,79.5,27,2.4,90,8.1,3,0.3,310,27.9,569,51.3,2,0.2,0,0,42,3.8,0,0,691,62.3,1110,100,4,0.4,15,1.4,"HOUSTON ISD","'101912"
"'101912006","JONES FUTURES ACADEMY",9,2.6,341,0,0,34,258,13.2,131,38.4,1,0.3,4,1.2,317,93,216,63.3,0,0,203,59.5,4,1.2,9,2.6,1,0.3,61,17.9,125,36.7,0,0,0,0,24,7,0,0,190,55.7,341,100,2,0.6,4,1.2,"HOUSTON ISD","'101912"
"'101912007","KASHMERE H S",27,3.3,830,1,0.1,163,677,24.1,492,59.3,32,3.3,25,3,789,95.1,410,49.4,18,2.2,317,38.2,5,0.6,34,4.1,1,0.1,141,17,420,50.6,2,0.2,0,0,41,4.9,0,0,523,63,830,100,3,0.4,16,1.9,"HOUSTON ISD","'101912"
"'101912008","LAMAR H S",221,7.9,2811,149,5.3,268,2124,12.6,742,26.4,22,0.7,86,3.1,1386,49.3,1420,50.5,0,0,1089,38.7,15,0.5,52,1.8,9,0.3,218,7.8,1391,49.5,4,0.1,0,0,1425,50.7,8,0.3,869,30.9,2811,100,76,2.7,738,26.3,"HOUSTON ISD","'101912"
"'101912009","WISDOM H S",26,1.4,1856,110,5.9,388,1592,24.4,214,11.5,27,1.2,32,1.7,1816,97.8,835,45,0,0,1418,76.4,32,1.7,479,25.8,6,0.3,1152,62.1,1021,55,5,0.3,0,0,40,2.2,1,0.1,1522,82,1856,100,6,0.3,101,5.4,"HOUSTON ISD","'101912"
"'101912010","MADISON H S",54,2.9,1834,5,0.3,276,1457,18.9,664,36.2,21,1.1,49,2.7,1594,86.9,833,45.4,1,0.1,1141,62.2,81,4.4,74,4,3,0.2,511,27.9,1001,54.6,0,0,0,0,240,13.1,1,0.1,1204,65.6,1834,100,8,0.4,12,0.7,"HOUSTON ISD","'101912"
"'101912011","MILBY H S",54,2.5,2143,8,0.4,176,1686,10.4,79,3.7,65,3,53,2.5,1996,93.1,1043,48.7,0,0,2031,94.8,141,6.6,85,4,6,0.3,491,22.9,1100,51.3,8,0.4,2,0.1,147,6.9,0,0,1340,62.5,2143,100,2,0.1,17,0.8,"HOUSTON ISD","'101912"
"'101912012","HEIGHTS H S",143,5.9,2438,23,0.9,146,1796,8.1,295,12.1,9,0.4,81,3.3,1604,65.8,1221,50.1,0,0,1832,75.1,21,0.9,12,0.5,3,0.1,234,9.6,1217,49.9,1,0,0,0,834,34.2,2,0.1,983,40.3,2438,100,28,1.1,255,10.5,"HOUSTON ISD","'101912"
"'101912013","COMMUNITY SERVICES-SEC",5,7.8,64,0,0,121,122,99.2,15,23.4,0,0,0,0,34,53.1,23,35.9,12,18.8,37,57.8,5,7.8,3,4.7,0,0,13,20.3,41,64.1,0,0,0,0,30,46.9,0,0,62,96.9,5,7.8,0,0,12,18.8,"HOUSTON ISD","'101912"
"'101912014","STERLING H S",49,3,1642,8,0.5,265,1276,20.8,786,47.9,40,2.3,59,3.6,1508,91.8,723,44,7,0.4,819,49.9,49,3,38,2.3,1,0.1,380,23.1,919,56,0,0,0,0,134,8.2,0,0,1132,68.9,1642,100,9,0.5,19,1.2,"HOUSTON ISD","'101912"
"'101912015","WALTRIP H S",76,4.1,1853,5,0.3,200,1534,13,255,13.8,49,2.4,65,3.5,1353,73,914,49.3,0,0,1455,78.5,2,0.1,19,1,4,0.2,344,18.6,939,50.7,5,0.3,0,0,500,27,1,0.1,945,51,1853,100,17,0.9,116,6.3,"HOUSTON ISD","'101912"
"'101912016","WASHINGTON B T H S",31,4.1,760,1,0.1,156,666,23.4,359,47.2,22,2.4,25,3.3,724,95.3,339,44.6,0,0,389,51.2,7,0.9,24,3.2,1,0.1,197,25.9,421,55.4,1,0.1,0,0,36,4.7,0,0,519,68.3,760,100,1,0.1,9,1.2,"HOUSTON ISD","'101912"
"'101912017","WESTBURY H S",57,2.4,2392,27,1.1,333,1915,17.4,770,32.2,57,2.1,56,2.3,2185,91.3,1181,49.4,13,0.5,1528,63.9,17,0.7,167,7,1,0,760,31.8,1211,50.6,3,0.1,0,0,207,8.7,2,0.1,1484,62,2392,100,16,0.7,48,2,"HOUSTON ISD","'101912"
"'101912018","WHEATLEY H S",11,1.4,783,0,0,138,623,22.2,395,50.4,40,4.5,24,3.1,752,96,383,48.9,0,0,380,48.5,2,0.3,35,4.5,0,0,160,20.4,400,51.1,0,0,0,0,31,4,0,0,526,67.2,783,100,3,0.4,5,0.6,"HOUSTON ISD","'101912"
"'101912019","WORTHING H S",24,2.9,830,3,0.4,140,641,21.8,590,71.1,28,3,24,2.9,790,95.2,412,49.6,6,0.7,224,27,45,5.4,7,0.8,1,0.1,94,11.3,418,50.4,0,0,0,0,40,4.8,0,0,529,63.7,830,100,4,0.5,8,1,"HOUSTON ISD","'101912"
"'101912020","YATES H S",23,2.8,820,2,0.2,152,668,22.8,718,87.6,45,4.7,16,2,763,93,441,53.8,0,0,87,10.6,12,1.5,4,0.5,1,0.1,35,4.3,379,46.2,0,0,0,0,57,7,0,0,494,60.2,820,100,5,0.6,7,0.9,"HOUSTON ISD","'101912"
"'101912023","SHARPSTOWN H S",31,1.8,1698,49,2.9,375,1469,25.5,314,18.5,32,1.6,24,1.4,1524,89.8,820,48.3,0,0,1292,76.1,19,1.1,275,16.2,3,0.2,874,51.5,878,51.7,1,0.1,0,0,174,10.2,0,0,1279,75.3,1698,100,8,0.5,32,1.9,"HOUSTON ISD","'101912"
"'101912024","SCARBOROUGH H S",29,4,731,2,0.3,130,605,21.5,137,18.7,36,4.3,18,2.5,693,94.8,326,44.6,0,0,566,77.4,4,0.5,59,8.1,1,0.1,203,27.8,405,55.4,0,0,0,0,38,5.2,1,0.1,419,57.3,731,100,5,0.7,19,2.6,"HOUSTON ISD","'101912"
"'101912025","KINDER H S FOR PERFORMING AND VISU",73,9.2,796,73,9.2,30,609,4.9,137,17.2,2,0.3,11,1.4,136,17.1,534,67.1,0,0,215,27,0,0,3,0.4,3,0.4,6,0.8,262,32.9,0,0,0,0,660,82.9,2,0.3,79,9.9,0,0,41,5.2,325,40.8,"HOUSTON ISD","'101912"
"'101912026","DEBAKEY H S FOR HEALTH PROF",22,2.3,939,282,30,57,708,8.1,158,16.8,0,0,3,0.3,403,42.9,589,62.7,0,0,348,37.1,9,1,1,0.1,5,0.5,20,2.1,350,37.3,1,0.1,2,0.2,536,57.1,4,0.4,151,16.1,939,100,19,2,123,13.1,"HOUSTON ISD","'101912"
"'101912027","CHAVEZ H S",53,2.1,2556,112,4.4,355,2218,16,228,8.9,26,0.9,47,1.8,2339,91.5,1197,46.8,0,0,2181,85.3,20,0.8,122,4.8,6,0.2,705,27.6,1359,53.2,3,0.1,0,0,217,8.5,2,0.1,1718,67.2,2556,100,2,0.1,25,1,"HOUSTON ISD","'101912"
"'101912034","H S FOR LAW AND JUSTICE",12,2.5,488,5,1,35,348,10.1,116,23.8,0,0,7,1.4,410,84,315,64.5,0,0,347,71.1,18,3.7,1,0.2,1,0.2,25,5.1,173,35.5,1,0.2,0,0,78,16,1,0.2,168,34.4,488,100,4,0.8,14,2.9,"HOUSTON ISD","'101912"
"'101912036","WESTSIDE H S",132,4.6,2864,201,7,352,2254,15.6,851,29.7,30,1,52,1.8,1729,60.4,1394,48.7,0,0,1287,44.9,28,1,142,5,9,0.3,369,12.9,1470,51.3,3,0.1,0,0,1135,39.6,7,0.2,1198,41.8,2864,100,47,1.6,462,16.1,"HOUSTON ISD","'101912"
"'101912039","T H ROGERS SCHOOL",24,2.4,999,475,47.5,206,1014,20.3,120,12,1,0.1,3,0.3,220,22,474,47.4,0,0,202,20.2,4,0.4,17,1.7,4,0.4,63,6.3,525,52.6,0,0,0,0,779,78,1,0.1,130,13,0,0,52,5.2,145,14.5,"HOUSTON ISD","'101912"
"'101912041","ATTUCKS MIDDLE",12,2.6,461,3,0.7,79,291,27.1,305,66.2,25,4.7,20,4.3,443,96.1,207,44.9,0,0,135,29.3,19,4.1,5,1.1,0,0,81,17.6,254,55.1,0,0,0,0,18,3.9,1,0.2,221,47.9,461,100,8,1.7,9,2,"HOUSTON ISD","'101912"
"'101912042","BLACK MIDDLE",101,7.4,1358,12,0.9,84,895,9.4,191,14.1,9,0.7,75,5.5,690,50.8,664,48.9,0,0,819,60.3,12,0.9,34,2.5,2,0.1,251,18.5,694,51.1,2,0.1,6,0.4,668,49.2,0,0,344,25.3,1358,100,35,2.6,299,22,"HOUSTON ISD","'101912"
"'101912043","BURBANK MIDDLE",69,4.6,1504,1,0.1,81,1053,7.7,80,5.3,13,0.8,71,4.7,1409,93.7,767,51,0,0,1406,93.5,241,16,28,1.9,3,0.2,605,40.2,737,49,3,0.2,0,0,95,6.3,0,0,885,58.8,1504,100,1,0.1,13,0.9,"HOUSTON ISD","'101912"
"'101912044","CULLEN MIDDLE",13,3.6,360,3,0.8,83,251,33.1,293,81.4,37,7.9,14,3.9,352,97.8,154,42.8,2,0.6,60,16.7,8,2.2,9,2.5,0,0,29,8.1,206,57.2,1,0.3,0,0,8,2.2,0,0,143,39.7,360,100,0,0,4,1.1,"HOUSTON ISD","'101912"
"'101912045","DEADY MIDDLE",16,2.5,648,1,0.2,77,467,16.5,10,1.5,41,5.3,22,3.4,627,96.8,318,49.1,0,0,636,98.1,15,2.3,47,7.3,0,0,353,54.5,330,50.9,2,0.3,0,0,21,3.2,0,0,404,62.3,648,100,0,0,1,0.2,"HOUSTON ISD","'101912"
"'101912046","EDISON MIDDLE",17,2.8,614,0,0,51,454,11.2,3,0.5,21,3,29,4.7,593,96.6,253,41.2,0,0,603,98.2,14,2.3,24,3.9,1,0.2,311,50.7,361,58.8,2,0.3,0,0,21,3.4,0,0,397,64.7,614,100,1,0.2,6,1,"HOUSTON ISD","'101912"
"'101912047","FONVILLE MIDDLE",29,3.8,758,0,0,86,506,17,42,5.5,25,3,36,4.7,748,98.7,351,46.3,0,0,692,91.3,2,0.3,49,6.5,4,0.5,429,56.6,407,53.7,2,0.3,0,0,10,1.3,0,0,512,67.5,758,100,2,0.3,18,2.4,"HOUSTON ISD","'101912"
"'101912048","CLIFTON MIDDLE",18,3.2,564,6,1.1,70,391,17.9,87,15.4,18,2.6,16,2.8,559,99.1,309,54.8,0,0,446,79.1,11,2,39,6.9,2,0.4,232,41.1,255,45.2,1,0.2,0,0,5,0.9,0,0,431,76.4,564,100,6,1.1,17,3,"HOUSTON ISD","'101912"
"'101912049","HAMILTON MIDDLE",33,3.1,1057,4,0.4,70,773,9.1,85,8,4,0.3,40,3.8,857,81.1,499,47.2,0,0,927,87.7,14,1.3,7,0.7,0,0,246,23.3,558,52.8,1,0.1,4,0.4,200,18.9,1,0.1,355,33.6,1057,100,3,0.3,37,3.5,"HOUSTON ISD","'101912"
"'101912050","HOLLAND MIDDLE",17,2.7,638,0,0,72,435,16.6,119,18.7,26,3.3,27,4.2,634,99.4,312,48.9,0,0,502,78.7,0,0,30,4.7,0,0,283,44.4,326,51.1,1,0.2,0,0,4,0.6,0,0,476,74.6,638,100,3,0.5,14,2.2,"HOUSTON ISD","'101912"
"'101912051","HARTMAN MIDDLE",30,2.6,1168,0,0,109,865,12.6,274,23.5,9,0.7,31,2.7,1135,97.2,569,48.7,0,0,884,75.7,0,0,35,3,1,0.1,460,39.4,599,51.3,0,0,0,0,33,2.8,0,0,603,51.6,1168,100,0,0,9,0.8,"HOUSTON ISD","'101912"
"'101912052","HENRY MIDDLE",32,4.1,789,0,0,70,553,12.7,78,9.9,26,2.9,42,5.3,747,94.7,372,47.1,0,0,693,87.8,0,0,31,3.9,0,0,354,44.9,417,52.9,1,0.1,0,0,42,5.3,1,0.1,629,79.7,789,100,0,0,17,2.2,"HOUSTON ISD","'101912"
"'101912053","HOGG MIDDLE",102,9.9,1030,21,2,51,717,7.1,52,5,3,0.3,73,7.1,519,50.4,516,50.1,0,0,703,68.3,20,1.9,6,0.6,4,0.4,144,14,514,49.9,1,0.1,0,0,511,49.6,0,0,523,50.8,1030,100,28,2.7,222,21.6,"HOUSTON ISD","'101912"
"'101912054","NAVARRO MIDDLE",27,4.3,628,0,0,73,461,15.8,50,8,9,1.2,39,6.2,597,95.1,303,48.2,0,0,568,90.4,8,1.3,35,5.6,0,0,298,47.5,325,51.8,0,0,0,0,31,4.9,0,0,503,80.1,628,100,2,0.3,8,1.3,"HOUSTON ISD","'101912"
"'101912055","MEYERLAND MIDDLE",88,6.6,1341,20,1.5,87,961,9.1,400,29.8,22,1.4,50,3.7,861,64.2,748,55.8,0,0,747,55.7,15,1.1,19,1.4,1,0.1,281,21,593,44.2,2,0.1,0,0,480,35.8,1,0.1,377,28.1,1341,100,20,1.5,152,11.3,"HOUSTON ISD","'101912"
"'101912056","WELCH MIDDLE",19,2.8,682,11,1.6,110,441,24.9,278,40.8,4,0.5,23,3.4,670,98.2,315,46.2,6,0.9,376,55.1,33,4.8,68,10,2,0.3,272,39.9,367,53.8,3,0.4,0,0,12,1.8,0,0,631,92.5,682,100,2,0.3,13,1.9,"HOUSTON ISD","'101912"
"'101912057","LANIER MIDDLE",127,9,1411,297,21,82,953,8.6,176,12.5,3,0.2,54,3.8,320,22.7,725,51.4,0,0,407,28.8,0,0,27,1.9,3,0.2,104,7.4,686,48.6,0,0,0,0,1091,77.3,1,0.1,145,10.3,1,0.1,96,6.8,431,30.5,"HOUSTON ISD","'101912"
"'101912058","GREGORY-LINCOLN ED CTR",19,2.9,664,4,0.6,117,634,18.5,419,63.1,4,0.5,12,1.8,592,89.2,376,56.6,0,0,204,30.7,2,0.3,3,0.5,2,0.3,99,14.9,288,43.4,0,0,0,0,72,10.8,1,0.2,192,28.9,664,100,7,1.1,27,4.1,"HOUSTON ISD","'101912"
"'101912059","LONG ACADEMY",24,2.6,921,79,8.6,363,911,39.8,121,13.1,32,3,14,1.5,908,98.6,451,49,0,0,687,74.6,11,1.2,110,11.9,2,0.2,555,60.3,470,51,3,0.3,0,0,13,1.4,0,0,634,68.8,921,100,3,0.3,29,3.1,"HOUSTON ISD","'101912"
"'101912060","REVERE MIDDLE",44,3.9,1115,51,4.6,198,827,23.9,313,28.1,24,1.7,29,2.6,954,85.6,483,43.3,1,0.1,651,58.4,5,0.4,98,8.8,5,0.4,463,41.5,632,56.7,1,0.1,0,0,161,14.4,1,0.1,528,47.4,1115,100,8,0.7,86,7.7,"HOUSTON ISD","'101912"
"'101912061","MARSHALL MIDDLE",16,2.3,682,0,0,62,496,12.5,99,14.5,7,0.9,25,3.7,656,96.2,335,49.1,0,0,570,83.6,37,5.4,15,2.2,1,0.1,241,35.3,347,50.9,0,0,0,0,26,3.8,0,0,341,50,682,100,2,0.3,10,1.5,"HOUSTON ISD","'101912"
"'101912062","MCREYNOLDS MIDDLE",20,4,494,0,0,72,363,19.8,128,25.9,8,1.3,28,5.7,482,97.6,253,51.2,0,0,361,73.1,1,0.2,13,2.6,1,0.2,152,30.8,241,48.8,0,0,0,0,12,2.4,0,0,238,48.2,494,100,1,0.2,3,0.6,"HOUSTON ISD","'101912"
"'101912064","PERSHING MIDDLE",146,8.5,1714,113,6.6,150,1230,12.2,548,32,27,1.4,95,5.5,852,49.7,871,50.8,1,0.1,696,40.6,16,0.9,26,1.5,3,0.2,239,13.9,843,49.2,0,0,0,0,862,50.3,0,0,774,45.2,1714,100,31,1.8,323,18.8,"HOUSTON ISD","'101912"
"'101912068","TANGLEWOOD MIDDLE",70,7.9,891,72,8.1,92,597,15.4,137,15.4,5,0.5,36,4,554,62.2,415,46.6,0,0,464,52.1,1,0.1,43,4.8,2,0.2,169,19,476,53.4,1,0.1,0,0,337,37.8,1,0.1,254,28.5,891,100,27,3,188,21.1,"HOUSTON ISD","'101912"
"'101912069","SOAR CTR",0,0,46,3,6.5,81,228,35.5,4,8.7,0,0,0,0,9,19.6,24,52.2,0,0,15,32.6,0,0,0,0,1,2.2,1,2.2,22,47.8,0,0,0,0,37,80.4,1,2.2,5,10.9,4,8.7,1,2.2,21,45.7,"HOUSTON ISD","'101912"
"'101912071","PROJECT CHRYSALIS MIDDLE",9,3.2,284,6,2.1,10,191,5.2,4,1.4,0,0,2,0.7,217,76.4,156,54.9,0,0,268,94.4,0,0,2,0.7,0,0,49,17.3,128,45.1,0,0,0,0,67,23.6,0,0,53,18.7,284,100,0,0,6,2.1,"HOUSTON ISD","'101912"
"'101912072","FONDREN MIDDLE",31,2.9,1082,19,1.8,125,731,17.1,345,31.9,17,1.4,21,1.9,1001,92.5,536,49.5,0,0,690,63.8,55,5.1,106,9.8,3,0.3,530,49,546,50.5,0,0,2,0.2,81,7.5,1,0.1,653,60.4,1082,100,10,0.9,14,1.3,"HOUSTON ISD","'101912"
"'101912075","LAWSON MIDDLE",44,3.2,1383,4,0.3,102,893,11.4,513,37.1,19,1.3,55,4,1326,95.9,646,46.7,5,0.4,836,60.4,47,3.4,29,2.1,2,0.1,462,33.4,737,53.3,1,0.1,0,0,57,4.1,0,0,693,50.1,1383,100,11,0.8,17,1.2,"HOUSTON ISD","'101912"
"'101912077","THOMAS MIDDLE",23,3.8,602,3,0.5,93,362,25.7,397,65.9,41,6,25,4.2,564,93.7,299,49.7,1,0.2,192,31.9,0,0,6,1,2,0.3,99,16.4,303,50.3,0,0,0,0,38,6.3,0,0,246,40.9,602,100,4,0.7,4,0.7,"HOUSTON ISD","'101912"
"'101912078","FLEMING MIDDLE",15,3.6,412,0,0,47,284,16.5,258,62.6,32,6.4,14,3.4,389,94.4,196,47.6,0,0,151,36.7,0,0,6,1.5,1,0.2,81,19.7,216,52.4,1,0.2,0,0,23,5.6,0,0,320,77.7,412,100,2,0.5,0,0,"HOUSTON ISD","'101912"
"'101912079","KEY MIDDLE",29,4.5,648,1,0.2,97,434,22.4,339,52.3,15,1.9,27,4.2,624,96.3,306,47.2,1,0.2,286,44.1,2,0.3,18,2.8,3,0.5,166,25.6,342,52.8,2,0.3,0,0,24,3.7,0,0,279,43.1,648,100,4,0.6,15,2.3,"HOUSTON ISD","'101912"
"'101912080","RICE SCH /LA ESCUELA RICE",25,2.2,1135,46,4.1,97,980,9.9,492,43.3,0,0,32,2.8,694,61.1,553,48.7,0,0,549,48.4,1,0.1,11,1,0,0,245,21.6,582,51.3,2,0.2,0,0,441,38.9,1,0.1,290,25.6,1135,100,17,1.5,30,2.6,"HOUSTON ISD","'101912"
"'101912081","SHARPSTOWN INTERNATIONAL SCHOOL",41,3.2,1268,113,8.9,88,1113,7.9,83,6.5,12,1,13,1,1204,95,658,51.9,0,0,1042,82.2,24,1.9,24,1.9,2,0.2,315,24.8,610,48.1,0,0,0,0,64,5,1,0.1,559,44.1,1268,100,2,0.2,25,2,"HOUSTON ISD","'101912"
"'101912082","WILLIAMS MIDDLE",12,2.4,491,1,0.2,50,301,16.6,224,45.6,27,4.9,18,3.7,485,98.8,224,45.6,0,0,254,51.7,12,2.4,10,2,2,0.4,169,34.4,267,54.4,2,0.4,0,0,6,1.2,0,0,234,47.7,491,100,3,0.6,7,1.4,"HOUSTON ISD","'101912"
"'101912097","HCC LIFE SKILLS PROGRAM",0,0,83,3,3.6,0,12,0,28,33.7,0,0,0,0,56,67.5,33,39.8,0,0,42,50.6,0,0,0,0,0,0,1,1.2,50,60.2,0,0,0,0,27,32.5,0,0,83,100,0,0,2,2.4,8,9.6,"HOUSTON ISD","'101912"
"'101912098","STEVENSON MIDDLE",58,4.1,1400,58,4.1,85,968,8.8,63,4.5,40,2.6,48,3.4,1272,90.9,666,47.6,0,0,1261,90.1,26,1.9,33,2.4,0,0,530,37.9,734,52.4,0,0,0,0,128,9.1,1,0.1,844,60.3,1400,100,4,0.3,13,0.9,"HOUSTON ISD","'101912"
"'101912099","WEST BRIAR MIDDLE",67,5.9,1130,91,8.1,142,793,17.9,386,34.2,18,1.5,30,2.7,733,64.9,556,49.2,2,0.2,425,37.6,5,0.4,70,6.2,3,0.3,204,18.1,574,50.8,0,0,0,0,397,35.1,0,0,276,24.4,1130,100,34,3,191,16.9,"HOUSTON ISD","'101912"
"'101912100","TEXAS CONNECTIONS ACADEMY AT HOUST",735,9.2,8020,366,4.6,2340,5657,41.4,1049,13.1,0,0,221,2.8,3032,37.8,4588,57.2,5,0.1,2055,25.6,50,0.6,2,0,75,0.9,97,1.2,3432,42.8,1,0,489,6.1,4988,62.2,41,0.5,1809,22.6,8020,100,380,4.7,4054,50.5,"HOUSTON ISD","'101912"
"'101912102","ALCOTT EL",1,0.5,202,0,0,50,189,26.5,127,62.9,0,0,3,1.5,199,98.5,92,45.5,0,0,70,34.7,8,4,7,3.5,0,0,52,25.7,110,54.5,3,1.5,0,0,3,1.5,0,0,102,50.5,202,100,5,2.5,0,0,"HOUSTON ISD","'101912"
"'101912104","ALMEDA EL",19,2.3,821,4,0.5,111,720,15.4,198,24.1,0,0,3,0.4,775,94.4,397,48.4,1,0.1,603,73.4,0,0,10,1.2,1,0.1,388,47.3,424,51.6,0,0,0,0,46,5.6,0,0,480,58.5,821,100,4,0.5,11,1.3,"HOUSTON ISD","'101912"
"'101912105","ANDERSON EL",10,1.5,681,11,1.6,144,635,22.7,129,18.9,0,0,9,1.3,562,82.5,311,45.7,0,0,525,77.1,0,0,38,5.6,0,0,300,44.1,370,54.3,3,0.4,0,0,119,17.5,1,0.1,429,63,681,100,3,0.4,12,1.8,"HOUSTON ISD","'101912"
"'101912106","ATHERTON EL",11,2.3,486,0,0,91,475,19.2,362,74.5,0,0,8,1.6,486,100,228,46.9,0,0,114,23.5,0,0,10,2.1,0,0,45,9.3,258,53.1,1,0.2,0,0,0,0,0,0,148,30.5,486,100,5,1,5,1,"HOUSTON ISD","'101912"
"'101912107","BARRICK EL",27,4.9,549,2,0.4,92,525,17.5,10,1.8,0,0,18,3.3,524,95.4,272,49.5,0,0,529,96.4,0,0,19,3.5,0,0,320,58.3,277,50.5,0,0,0,0,25,4.6,0,0,379,69,549,100,2,0.4,6,1.1,"HOUSTON ISD","'101912"
"'101912108","BASTIAN EL",9,1.6,580,0,0,157,589,26.7,366,63.1,0,0,5,0.9,575,99.1,286,49.3,1,0.2,201,34.7,25,4.3,18,3.1,0,0,162,27.9,294,50.7,0,0,0,0,5,0.9,0,0,276,47.6,580,100,11,1.9,2,0.3,"HOUSTON ISD","'101912"
"'101912109","BERRY EL",22,2.9,764,4,0.5,105,702,15,38,5,0,0,41,5.4,748,97.9,379,49.6,0,0,709,92.8,12,1.6,33,4.3,0,0,414,54.2,385,50.4,0,0,0,0,16,2.1,0,0,548,71.7,764,100,1,0.1,12,1.6,"HOUSTON ISD","'101912"
"'101912110","BLACKSHEAR EL",6,1.8,342,2,0.6,115,364,31.6,292,85.4,0,0,6,1.8,331,96.8,170,49.7,0,0,44,12.9,1,0.3,0,0,0,0,23,6.7,172,50.3,0,0,0,0,11,3.2,0,0,138,40.4,342,100,2,0.6,2,0.6,"HOUSTON ISD","'101912"
"'101912111","BONHAM EL",5,0.6,842,11,1.3,227,837,27.1,111,13.2,2,0.2,2,0.2,828,98.3,403,47.9,0,0,710,84.3,0,0,141,16.7,0,0,603,71.6,439,52.1,5,0.6,0,0,14,1.7,0,0,664,78.9,842,100,2,0.2,8,1,"HOUSTON ISD","'101912"
"'101912112","BONNER EL",11,1.6,683,5,0.7,84,648,13,11,1.6,0,0,14,2,664,97.2,336,49.2,0,0,653,95.6,0,0,30,4.4,2,0.3,454,66.5,347,50.8,0,0,0,0,19,2.8,0,0,517,75.7,683,100,2,0.3,10,1.5,"HOUSTON ISD","'101912"
"'101912113","RODERICK R PAIGE EL",9,2.1,429,0,0,98,396,24.7,143,33.3,0,0,15,3.5,424,98.8,195,45.5,0,0,284,66.2,0,0,28,6.5,0,0,185,43.1,234,54.5,1,0.2,0,0,5,1.2,0,0,281,65.5,429,100,0,0,2,0.5,"HOUSTON ISD","'101912"
"'101912114","BRAEBURN EL",6,0.8,751,10,1.3,56,501,11.2,90,12,0,0,13,1.7,733,97.6,369,49.1,0,0,626,83.4,33,4.4,97,12.9,0,0,573,76.3,382,50.9,0,0,0,0,18,2.4,0,0,660,87.9,751,100,11,1.5,14,1.9,"HOUSTON ISD","'101912"
"'101912115","DURHAM EL",17,3,565,2,0.4,86,545,15.8,57,10.1,0,0,17,3,355,62.8,278,49.2,0,0,362,64.1,0,0,13,2.3,0,0,186,32.9,287,50.8,0,0,0,0,210,37.2,0,0,284,50.3,565,100,9,1.6,135,23.9,"HOUSTON ISD","'101912"
"'101912116","BRIARGROVE EL",34,4.3,800,175,21.9,212,760,27.9,104,13,0,0,20,2.5,340,42.5,393,49.1,0,0,227,28.4,5,0.6,120,15,3,0.4,198,24.8,407,50.9,0,0,0,0,460,57.5,0,0,270,33.8,0,0,37,4.6,254,31.8,"HOUSTON ISD","'101912"
"'101912117","BRISCOE EL",4,1.7,230,1,0.4,49,231,21.2,0,0,0,0,8,3.5,218,94.8,107,46.5,0,0,226,98.3,9,3.9,8,3.5,1,0.4,116,50.4,123,53.5,0,0,0,0,12,5.2,0,0,164,71.3,230,100,0,0,2,0.9,"HOUSTON ISD","'101912"
"'101912119","BROOKLINE EL",4,0.5,774,1,0.1,102,755,13.5,22,2.8,0,0,4,0.5,759,98.1,403,52.1,0,0,740,95.6,5,0.6,69,8.9,0,0,520,67.2,371,47.9,2,0.3,0,0,15,1.9,0,0,599,77.4,774,100,0,0,11,1.4,"HOUSTON ISD","'101912"
"'101912120","BROWNING EL",6,1.4,443,0,0,81,469,17.3,8,1.8,0,0,11,2.5,399,90.1,233,52.6,0,0,428,96.6,0,0,17,3.8,0,0,211,47.6,210,47.4,0,0,0,0,44,9.9,0,0,302,68.2,443,100,0,0,7,1.6,"HOUSTON ISD","'101912"
"'101912121","BRUCE EL",3,0.8,395,3,0.8,75,367,20.4,277,70.1,0,0,7,1.8,380,96.2,199,50.4,0,0,111,28.1,8,2,4,1,0,0,51,12.9,196,49.6,0,0,0,0,15,3.8,0,0,135,34.2,393,99.5,3,0.8,1,0.3,"HOUSTON ISD","'101912"
"'101912122","BURBANK EL",32,3.8,842,4,0.5,110,766,14.4,95,11.3,1,0.1,36,4.3,824,97.9,434,51.5,0,0,727,86.3,0,0,20,2.4,2,0.2,438,52,408,48.5,0,0,0,0,18,2.1,0,0,579,68.8,842,100,0,0,14,1.7,"HOUSTON ISD","'101912"
"'101912123","CODWELL EL",8,2.2,358,0,0,52,331,15.7,322,89.9,0,0,10,2.8,324,90.5,189,52.8,7,2,26,7.3,0,0,0,0,1,0.3,10,2.8,169,47.2,0,0,0,0,34,9.5,2,0.6,93,26,358,100,1,0.3,6,1.7,"HOUSTON ISD","'101912"
"'101912124","BURNET EL",8,1.9,414,1,0.2,50,368,13.6,3,0.7,0,0,5,1.2,382,92.3,207,50,0,0,403,97.3,1,0.2,15,3.6,0,0,255,61.6,207,50,0,0,0,0,32,7.7,0,0,292,70.5,414,100,0,0,7,1.7,"HOUSTON ISD","'101912"
"'101912125","BURRUS EL",8,2.6,311,0,0,74,319,23.2,205,65.9,0,0,3,1,307,98.7,157,50.5,0,0,97,31.2,2,0.6,7,2.3,0,0,37,11.9,154,49.5,0,0,0,0,4,1.3,0,0,128,41.2,311,100,1,0.3,8,2.6,"HOUSTON ISD","'101912"
"'101912127","WOODSON SCHOOL",14,2.3,621,2,0.3,190,604,31.5,552,88.9,1,0.1,17,2.7,615,99,307,49.4,11,1.8,60,9.7,72,11.6,4,0.6,1,0.2,41,6.6,314,50.6,0,0,0,0,6,1,1,0.2,295,47.5,621,100,4,0.6,1,0.2,"HOUSTON ISD","'101912"
"'101912128","LYONS EL",22,2.4,904,0,0,108,837,12.9,12,1.3,0,0,14,1.5,857,94.8,451,49.9,1,0.1,876,96.9,18,2,33,3.7,0,0,435,48.1,453,50.1,0,0,0,0,47,5.2,0,0,576,63.7,904,100,1,0.1,15,1.7,"HOUSTON ISD","'101912"
"'101912130","CONDIT EL",30,4.1,726,160,22,135,664,20.3,51,7,0,0,16,2.2,270,37.2,362,49.9,0,0,242,33.3,3,0.4,47,6.5,1,0.1,194,26.7,364,50.1,0,0,0,0,456,62.8,0,0,233,32.1,141,19.4,35,4.8,237,32.6,"HOUSTON ISD","'101912"
"'101912131","HALPIN EARLY CHILDHOOD CTR",0,0,347,7,2,94,263,35.7,103,29.7,0,0,0,0,342,98.6,162,46.7,0,0,226,65.1,33,9.5,23,6.6,1,0.3,181,52.2,185,53.3,0,0,0,0,5,1.4,0,0,270,77.8,347,100,4,1.2,6,1.7,"HOUSTON ISD","'101912"
"'101912132","COOP EL",13,2.1,617,0,0,147,627,23.4,63,10.2,0,0,24,3.9,597,96.8,308,49.9,0,0,543,88,0,0,19,3.1,0,0,305,49.4,309,50.1,0,0,0,0,20,3.2,0,0,376,60.9,617,100,2,0.3,9,1.5,"HOUSTON ISD","'101912"
"'101912133","CORNELIUS EL",18,2.2,804,5,0.6,79,731,10.8,114,14.2,0,0,11,1.4,742,92.3,413,51.4,0,0,672,83.6,18,2.2,25,3.1,1,0.1,386,48,391,48.6,0,0,0,0,62,7.7,0,0,490,60.9,804,100,6,0.7,6,0.7,"HOUSTON ISD","'101912"
"'101912135","CROCKETT EL",14,2.5,555,18,3.2,45,475,9.5,67,12.1,1,0.2,7,1.3,376,67.7,283,51,0,0,408,73.5,5,0.9,11,2,0,0,150,27,272,49,0,0,1,0.2,179,32.3,2,0.4,219,39.5,555,100,16,2.9,44,7.9,"HOUSTON ISD","'101912"
"'101912136","CUNNINGHAM EL",8,1.4,585,15,2.6,169,604,28,93,15.9,0,0,10,1.7,562,96.1,285,48.7,0,0,455,77.8,3,0.5,75,12.8,1,0.2,397,67.9,300,51.3,0,0,0,0,23,3.9,0,0,457,78.1,585,100,1,0.2,20,3.4,"HOUSTON ISD","'101912"
"'101912137","DE CHAUMES EL",17,2.2,760,0,0,97,713,13.6,8,1.1,0,0,22,2.9,733,96.4,361,47.5,0,0,748,98.4,0,0,20,2.6,0,0,424,55.8,399,52.5,2,0.3,0,0,27,3.6,0,0,510,67.1,760,100,0,0,4,0.5,"HOUSTON ISD","'101912"
"'101912138","DE ZAVALA EL",7,1.4,518,2,0.4,78,497,15.7,8,1.5,0,0,6,1.2,501,96.7,261,50.4,0,0,506,97.7,2,0.4,12,2.3,0,0,251,48.5,257,49.6,1,0.2,0,0,17,3.3,0,0,318,61.4,518,100,0,0,2,0.4,"HOUSTON ISD","'101912"
"'101912140","DOGAN EL",1,0.2,554,0,0,79,544,14.5,156,28.2,0,0,6,1.1,542,97.8,271,48.9,0,0,387,69.9,2,0.4,11,2,0,0,208,37.5,283,51.1,0,0,0,0,12,2.2,0,0,338,61,554,100,5,0.9,6,1.1,"HOUSTON ISD","'101912"
"'101912144","DURKEE EL",7,1.4,487,1,0.2,110,468,23.5,45,9.2,0,0,15,3.1,466,95.7,231,47.4,0,0,424,87.1,2,0.4,31,6.4,1,0.2,294,60.4,256,52.6,0,0,0,0,21,4.3,0,0,333,68.4,487,100,4,0.8,12,2.5,"HOUSTON ISD","'101912"
"'101912147","ELIOT EL",23,4,573,2,0.3,61,532,11.5,3,0.5,0,0,17,3,541,94.4,294,51.3,0,0,563,98.3,39,6.8,23,4,0,0,301,52.5,279,48.7,0,0,0,0,32,5.6,0,0,393,68.6,573,100,0,0,5,0.9,"HOUSTON ISD","'101912"
"'101912148","ELROD EL",20,2.8,716,22,3.1,121,673,18,162,22.6,0,0,15,2.1,703,98.2,330,46.1,0,0,519,72.5,9,1.3,84,11.7,3,0.4,428,59.8,386,53.9,0,0,1,0.1,13,1.8,0,0,514,71.8,716,100,1,0.1,9,1.3,"HOUSTON ISD","'101912"
"'101912149","EMERSON EL",22,2.4,917,82,8.9,151,817,18.5,142,15.5,0,0,18,2,867,94.5,455,49.6,0,0,589,64.2,36,3.9,131,14.3,1,0.1,644,70.2,462,50.4,3,0.3,0,0,50,5.5,3,0.3,710,77.4,917,100,3,0.3,97,10.6,"HOUSTON ISD","'101912"
"'101912151","BELL EL",7,1.1,613,8,1.3,119,609,19.5,171,27.9,0,0,4,0.7,542,88.4,275,44.9,0,0,407,66.4,0,0,59,9.6,2,0.3,329,53.7,338,55.1,3,0.5,0,0,71,11.6,0,0,382,62.3,613,100,7,1.1,18,2.9,"HOUSTON ISD","'101912"
"'101912152","FIELD EL",7,1.6,431,10,2.3,44,358,12.3,14,3.2,0,0,22,5.1,287,66.6,213,49.4,0,0,324,75.2,0,0,2,0.5,1,0.2,56,13,218,50.6,0,0,0,0,144,33.4,0,0,169,39.2,431,100,7,1.6,75,17.4,"HOUSTON ISD","'101912"
"'101912153","FONDREN EL",4,1.3,314,2,0.6,38,267,14.2,84,26.8,0,0,8,2.5,309,98.4,139,44.3,0,0,225,71.7,19,6.1,13,4.1,0,0,152,48.4,175,55.7,0,0,0,0,5,1.6,0,0,210,66.9,314,100,0,0,3,1,"HOUSTON ISD","'101912"
"'101912154","FOSTER EL",7,1.9,378,1,0.3,124,409,30.3,342,90.5,0,0,4,1.1,377,99.7,178,47.1,0,0,31,8.2,0,0,0,0,0,0,14,3.7,200,52.9,0,0,0,0,1,0.3,1,0.3,152,40.2,378,100,2,0.5,1,0.3,"HOUSTON ISD","'101912"
"'101912155","FRANKLIN EL",1,0.3,333,0,0,63,341,18.5,7,2.1,0,0,9,2.7,328,98.5,156,46.8,0,0,325,97.6,3,0.9,19,5.7,0,0,217,65.2,177,53.2,3,0.9,0,0,5,1.5,0,0,260,78.1,333,100,0,0,1,0.3,"HOUSTON ISD","'101912"
"'101912156","FROST EL",1,0.2,518,2,0.4,175,530,33,362,69.9,0,0,9,1.7,513,99,247,47.7,4,0.8,144,27.8,5,1,6,1.2,0,0,101,19.5,271,52.3,1,0.2,0,0,5,1,0,0,227,43.8,518,100,8,1.5,2,0.4,"HOUSTON ISD","'101912"
"'101912157","GARDEN OAKS MONTESSORI",75,9.2,812,35,4.3,143,799,17.9,45,5.5,0,0,60,7.4,344,42.4,366,45.1,1,0.1,435,53.6,2,0.2,8,1,3,0.4,179,22,446,54.9,3,0.4,1,0.1,468,57.6,2,0.2,252,31,812,100,42,5.2,250,30.8,"HOUSTON ISD","'101912"
"'101912158","GARDEN VILLAS EL",6,1.2,503,0,0,92,492,18.7,119,23.7,0,0,5,1,455,90.5,259,51.5,0,0,375,74.6,2,0.4,11,2.2,1,0.2,195,38.8,244,48.5,0,0,0,0,48,9.5,0,0,252,50.1,503,100,2,0.4,6,1.2,"HOUSTON ISD","'101912"
"'101912159","GOLFCREST EL",4,0.8,478,0,0,119,510,23.3,17,3.6,0,0,9,1.9,468,97.9,242,50.6,0,0,457,95.6,0,0,35,7.3,0,0,299,62.6,236,49.4,0,0,0,0,10,2.1,0,0,360,75.3,478,100,1,0.2,3,0.6,"HOUSTON ISD","'101912"
"'101912162","GREGG EL",5,1.3,386,0,0,82,387,21.2,79,20.5,0,0,12,3.1,366,94.8,189,49,0,0,301,78,0,0,2,0.5,0,0,202,52.3,197,51,0,0,0,0,20,5.2,1,0.3,268,69.4,386,100,2,0.5,3,0.8,"HOUSTON ISD","'101912"
"'101912163","SUGAR GROVE ACADEMY",4,0.6,687,32,4.7,118,502,23.5,97,14.1,53,6.1,6,0.9,680,99,311,45.3,0,0,543,79,19,2.8,107,15.6,4,0.6,464,67.5,376,54.7,0,0,0,0,7,1,1,0.1,543,79,687,100,1,0.1,9,1.3,"HOUSTON ISD","'101912"
"'101912166","HARRIS J R EL",8,2.3,351,0,0,62,355,17.5,6,1.7,0,0,11,3.1,341,97.2,160,45.6,0,0,345,98.3,0,0,3,0.9,0,0,221,63,191,54.4,0,0,0,0,10,2.8,0,0,270,76.9,351,100,0,0,0,0,"HOUSTON ISD","'101912"
"'101912167","HARRIS R P EL",4,0.8,523,0,0,169,534,31.6,79,15.1,0,0,9,1.7,511,97.7,263,50.3,0,0,438,83.7,11,2.1,28,5.4,1,0.2,350,66.9,260,49.7,0,0,0,0,12,2.3,0,0,391,74.8,523,100,1,0.2,4,0.8,"HOUSTON ISD","'101912"
"'101912168","HARTSFIELD EL",2,0.6,362,1,0.3,107,371,28.8,298,82.3,0,0,4,1.1,359,99.2,180,49.7,0,0,62,17.1,2,0.6,0,0,1,0.3,11,3,182,50.3,0,0,0,0,3,0.8,0,0,136,37.6,362,100,0,0,0,0,"HOUSTON ISD","'101912"
"'101912169","HARVARD EL",44,6.8,645,37,5.7,73,557,13.1,30,4.7,0,0,31,4.8,99,15.3,309,47.9,0,0,191,29.6,0,0,5,0.8,2,0.3,33,5.1,336,52.1,0,0,1,0.2,546,84.7,1,0.2,77,11.9,2,0.3,44,6.8,340,52.7,"HOUSTON ISD","'101912"
"'101912170","HELMS EL",6,1.3,478,8,1.7,45,423,10.6,41,8.6,0,0,8,1.7,267,55.9,226,47.3,0,0,358,74.9,0,0,6,1.3,0,0,198,41.4,252,52.7,0,0,0,0,211,44.1,0,0,248,51.9,478,100,11,2.3,60,12.6,"HOUSTON ISD","'101912"
"'101912171","HENDERSON J EL",9,1.4,639,0,0,111,635,17.5,16,2.5,0,0,9,1.4,632,98.9,337,52.7,0,0,615,96.2,2,0.3,66,10.3,1,0.2,426,66.7,302,47.3,0,0,0,0,7,1.1,0,0,485,75.9,639,100,0,0,7,1.1,"HOUSTON ISD","'101912"
"'101912172","HENDERSON N EL",6,2.3,264,0,0,72,272,26.5,212,80.3,0,0,3,1.1,256,97,140,53,0,0,48,18.2,3,1.1,7,2.7,0,0,38,14.4,124,47,0,0,0,0,8,3,0,0,123,46.6,264,100,2,0.8,2,0.8,"HOUSTON ISD","'101912"
"'101912173","HEROD EL",48,5.9,810,58,7.2,121,681,17.8,226,27.9,0,0,24,3,432,53.3,404,49.9,0,0,338,41.7,13,1.6,42,5.2,2,0.2,206,25.4,406,50.1,0,0,3,0.4,378,46.7,0,0,290,35.8,810,100,24,3,162,20,"HOUSTON ISD","'101912"
"'101912174","HIGHLAND HTS EL",11,2.5,446,0,0,90,408,22.1,206,46.2,0,0,4,0.9,426,95.5,217,48.7,0,0,232,52,0,0,8,1.8,2,0.4,167,37.4,229,51.3,3,0.7,0,0,20,4.5,0,0,238,53.4,446,100,1,0.2,5,1.1,"HOUSTON ISD","'101912"
"'101912175","HOBBY EL",10,1.6,640,1,0.2,135,653,20.7,241,37.7,0,0,7,1.1,620,96.9,317,49.5,3,0.5,385,60.2,10,1.6,2,0.3,0,0,290,45.3,323,50.5,0,0,0,0,20,3.1,1,0.2,386,60.3,640,100,6,0.9,6,0.9,"HOUSTON ISD","'101912"
"'101912178","HORN EL",35,4.7,751,292,38.9,142,683,20.8,40,5.3,0,0,22,2.9,106,14.1,378,50.3,0,0,133,17.7,4,0.5,23,3.1,1,0.1,135,18,373,49.7,0,0,0,0,645,85.9,0,0,170,22.6,4,0.5,44,5.9,241,32.1,"HOUSTON ISD","'101912"
"'101912179","MCGOWEN EL",6,1.5,405,0,0,83,393,21.1,258,63.7,0,0,8,2,399,98.5,192,47.4,4,1,138,34.1,30,7.4,8,2,0,0,91,22.5,213,52.6,0,0,0,0,6,1.5,0,0,212,52.3,405,100,2,0.5,7,1.7,"HOUSTON ISD","'101912"
"'101912180","ISAACS EL",3,1.1,261,0,0,65,276,23.6,111,42.5,0,0,4,1.5,259,99.2,129,49.4,0,0,145,55.6,50,19.2,10,3.8,0,0,102,39.1,132,50.6,0,0,0,0,2,0.8,0,0,184,70.5,261,100,1,0.4,4,1.5,"HOUSTON ISD","'101912"
"'101912181","JANOWSKI EL",7,1.5,464,0,0,67,449,14.9,11,2.4,0,0,11,2.4,451,97.2,226,48.7,0,0,443,95.5,0,0,43,9.3,0,0,304,65.5,238,51.3,2,0.4,0,0,13,2.8,0,0,352,75.9,464,100,0,0,10,2.2,"HOUSTON ISD","'101912"
"'101912182","JEFFERSON EL",3,0.8,391,1,0.3,60,377,15.9,29,7.4,0,0,8,2,372,95.1,197,50.4,0,0,357,91.3,1,0.3,7,1.8,1,0.3,111,28.4,194,49.6,0,0,0,0,19,4.9,0,0,204,52.2,391,100,1,0.3,2,0.5,"HOUSTON ISD","'101912"
"'101912185","KASHMERE GARDENS EL",11,2.5,432,0,0,107,417,25.7,352,81.5,0,0,5,1.2,426,98.6,187,43.3,2,0.5,76,17.6,12,2.8,3,0.7,0,0,42,9.7,245,56.7,0,0,0,0,6,1.4,0,0,201,46.5,432,100,1,0.2,3,0.7,"HOUSTON ISD","'101912"
"'101912186","ROBINSON EL",4,0.7,537,0,0,84,470,17.9,111,20.7,0,0,16,3,516,96.1,269,50.1,3,0.6,422,78.6,5,0.9,51,9.5,1,0.2,314,58.5,268,49.9,0,0,0,0,21,3.9,0,0,400,74.5,537,100,0,0,3,0.6,"HOUSTON ISD","'101912"
"'101912187","KELSO EL",3,0.7,424,0,0,101,422,23.9,151,35.6,0,0,3,0.7,419,98.8,206,48.6,0,0,268,63.2,29,6.8,9,2.1,0,0,166,39.2,218,51.4,0,0,0,0,5,1.2,0,0,251,59.2,424,100,2,0.5,3,0.7,"HOUSTON ISD","'101912"
"'101912188","KENNEDY EL",5,0.8,589,0,0,115,603,19.1,123,20.9,0,0,9,1.5,572,97.1,268,45.5,0,0,458,77.8,3,0.5,41,7,0,0,344,58.4,321,54.5,0,0,0,0,17,2.9,0,0,420,71.3,589,100,2,0.3,6,1,"HOUSTON ISD","'101912"
"'101912189","KOLTER EL",52,7.2,722,68,9.4,47,592,7.9,96,13.3,0,0,21,2.9,177,24.5,347,48.1,0,0,197,27.3,1,0.1,2,0.3,4,0.6,86,11.9,375,51.9,0,0,0,0,545,75.5,0,0,134,18.6,0,0,32,4.4,325,45,"HOUSTON ISD","'101912"
"'101912192","LANTRIP EL",33,5.3,618,4,0.6,88,580,15.2,37,6,0,0,16,2.6,509,82.4,314,50.8,0,0,553,89.5,4,0.6,6,1,2,0.3,179,29,304,49.2,0,0,0,0,109,17.6,0,0,279,45.1,618,100,4,0.6,18,2.9,"HOUSTON ISD","'101912"
"'101912194","LEWIS EL",6,0.9,694,0,0,142,638,22.3,115,16.6,0,0,16,2.3,672,96.8,348,50.1,0,0,567,81.7,11,1.6,101,14.6,0,0,455,65.6,346,49.9,0,0,0,0,22,3.2,0,0,495,71.3,694,100,2,0.3,10,1.4,"HOUSTON ISD","'101912"
"'101912195","LOCKHART EL",26,5.4,479,2,0.4,105,481,21.8,454,94.8,0,0,11,2.3,423,88.3,249,52,0,0,12,2.5,12,2.5,0,0,0,0,0,0,230,48,0,0,0,0,56,11.7,1,0.2,149,31.1,479,100,6,1.3,4,0.8,"HOUSTON ISD","'101912"
"'101912196","LONGFELLOW EL",28,4.2,667,60,9,154,621,24.8,392,58.8,1,0.1,20,3,448,67.2,333,49.9,0,0,169,25.3,11,1.6,24,3.6,1,0.1,109,16.3,334,50.1,0,0,0,0,219,32.8,1,0.1,239,35.8,667,100,9,1.3,35,5.2,"HOUSTON ISD","'101912"
"'101912197","LOOSCAN EL",5,1.7,298,0,0,32,272,11.8,15,5,0,0,10,3.4,287,96.3,168,56.4,0,0,281,94.3,1,0.3,17,5.7,0,0,118,39.6,130,43.6,0,0,0,0,11,3.7,0,0,171,57.4,298,100,0,0,2,0.7,"HOUSTON ISD","'101912"
"'101912198","LOVE EL",5,1.6,308,3,1,59,298,19.8,22,7.1,0,0,3,1,260,84.4,145,47.1,0,0,261,84.7,70,22.7,7,2.3,1,0.3,142,46.1,163,52.9,0,0,0,0,48,15.6,0,0,218,70.8,308,100,2,0.6,19,6.2,"HOUSTON ISD","'101912"
"'101912199","LOVETT EL",52,8.2,633,51,8.1,60,556,10.8,161,25.4,0,0,40,6.3,201,31.8,335,52.9,1,0.2,157,24.8,7,1.1,15,2.4,2,0.3,80,12.6,298,47.1,0,0,4,0.6,432,68.2,1,0.2,139,22,0,0,28,4.4,233,36.8,"HOUSTON ISD","'101912"
"'101912201","MACGREGOR EL",12,2.4,501,6,1.2,64,445,14.4,358,71.5,1,0.2,7,1.4,392,78.2,269,53.7,0,0,111,22.2,31,6.2,7,1.4,1,0.2,60,12,232,46.3,0,0,0,0,109,21.8,0,0,162,32.3,501,100,13,2.6,12,2.4,"HOUSTON ISD","'101912"
"'101912203","MADING EL",3,0.8,379,0,0,35,327,10.7,266,70.2,0,0,4,1.1,372,98.2,181,47.8,0,0,110,29,0,0,1,0.3,1,0.3,62,16.4,198,52.2,0,0,0,0,7,1.8,0,0,182,48,379,100,1,0.3,1,0.3,"HOUSTON ISD","'101912"
"'101912204","MEMORIAL EL",9,2.9,315,20,6.3,53,280,18.9,19,6,0,0,13,4.1,200,63.5,158,50.2,0,0,216,68.6,1,0.3,14,4.4,2,0.6,107,34,157,49.8,0,0,1,0.3,115,36.5,0,0,153,48.6,315,100,12,3.8,46,14.6,"HOUSTON ISD","'101912"
"'101912207","MONTGOMERY EL",16,3.2,493,1,0.2,88,457,19.3,190,38.5,0,0,14,2.8,473,95.9,244,49.5,0,0,296,60,21,4.3,10,2,0,0,195,39.6,249,50.5,0,0,0,0,20,4.1,0,0,292,59.2,493,100,2,0.4,4,0.8,"HOUSTON ISD","'101912"
"'101912209","NEFF ECC",1,0.2,575,24,4.2,99,458,21.6,47,8.2,0,0,0,0,562,97.7,270,47,0,0,489,85,39,6.8,33,5.7,0,0,415,72.2,305,53,1,0.2,0,0,13,2.3,0,0,543,94.4,575,100,0,0,15,2.6,"HOUSTON ISD","'101912"
"'101912210","NORTHLINE EL",7,1.4,486,0,0,102,471,21.7,17,3.5,0,0,6,1.2,467,96.1,241,49.6,0,0,458,94.2,28,5.8,41,8.4,0,0,330,67.9,245,50.4,5,1,0,0,19,3.9,0,0,395,81.3,486,100,2,0.4,9,1.9,"HOUSTON ISD","'101912"
"'101912211","OAK FOREST EL",62,7.2,863,45,5.2,69,752,9.2,31,3.6,0,0,29,3.4,137,15.9,424,49.1,0,0,259,30,3,0.3,9,1,2,0.2,29,3.4,439,50.9,0,0,0,0,726,84.1,2,0.2,84,9.7,2,0.2,41,4.8,483,56,"HOUSTON ISD","'101912"
"'101912212","OATES EL",6,1.7,361,2,0.6,59,347,17,34,9.4,0,0,11,3,349,96.7,164,45.4,0,0,314,87,24,6.6,20,5.5,1,0.3,177,49,197,54.6,3,0.8,0,0,12,3.3,0,0,263,72.9,361,100,5,1.4,5,1.4,"HOUSTON ISD","'101912"
"'101912213","OSBORNE EL",3,1.2,260,0,0,77,278,27.7,140,53.8,0,0,2,0.8,257,98.8,129,49.6,0,0,114,43.8,0,0,2,0.8,1,0.4,83,31.9,131,50.4,1,0.4,0,0,3,1.2,0,0,154,59.2,260,100,1,0.4,4,1.5,"HOUSTON ISD","'101912"
"'101912214","PARK PLACE EL",18,2.1,839,130,15.5,117,820,14.3,25,3,0,0,14,1.7,763,90.9,421,50.2,0,0,672,80.1,0,0,41,4.9,1,0.1,515,61.4,418,49.8,0,0,0,0,76,9.1,0,0,610,72.7,839,100,3,0.4,8,1,"HOUSTON ISD","'101912"
"'101912215","PARKER EL",59,6.8,867,35,4,96,777,12.4,133,15.3,0,0,38,4.4,355,40.9,436,50.3,0,0,394,45.4,5,0.6,16,1.8,1,0.1,242,27.9,431,49.7,1,0.1,0,0,512,59.1,0,0,309,35.6,867,100,42,4.8,262,30.2,"HOUSTON ISD","'101912"
"'101912216","PATTERSON EL",41,4.7,875,7,0.8,117,798,14.7,54,6.2,0,0,15,1.7,817,93.4,418,47.8,0,0,801,91.5,0,0,8,0.9,0,0,456,52.1,457,52.2,0,0,0,0,58,6.6,0,0,565,64.6,875,100,1,0.1,12,1.4,"HOUSTON ISD","'101912"
"'101912217","PECK EL",5,1.2,407,0,0,103,437,23.6,204,50.1,1,0.2,7,1.7,396,97.3,195,47.9,0,0,199,48.9,23,5.7,8,2,0,0,141,34.6,212,52.1,0,0,0,0,11,2.7,0,0,232,57,407,100,2,0.5,2,0.5,"HOUSTON ISD","'101912"
"'101912218","PILGRIM ACADEMY",18,1.6,1127,4,0.4,130,1095,11.9,70,6.2,0,0,15,1.3,1098,97.4,555,49.2,0,0,1027,91.1,0,0,168,14.9,3,0.3,885,78.5,572,50.8,4,0.4,0,0,29,2.6,1,0.1,935,83,1127,100,3,0.3,19,1.7,"HOUSTON ISD","'101912"
"'101912219","PINEY POINT EL",11,1,1140,35,3.1,209,1050,19.9,116,10.2,0,0,7,0.6,1088,95.4,557,48.9,0,0,936,82.1,0,0,197,17.3,4,0.4,840,73.7,583,51.1,2,0.2,0,0,52,4.6,0,0,906,79.5,1140,100,7,0.6,42,3.7,"HOUSTON ISD","'101912"
"'101912220","PLEASANTVILLE EL",4,1.6,249,0,0,50,234,21.4,154,61.8,0,0,11,4.4,236,94.8,101,40.6,0,0,90,36.1,6,2.4,1,0.4,0,0,48,19.3,148,59.4,0,0,0,0,13,5.2,0,0,108,43.4,249,100,3,1.2,2,0.8,"HOUSTON ISD","'101912"
"'101912221","POE EL",38,4.9,776,72,9.3,129,704,18.3,72,9.3,0,0,20,2.6,211,27.2,395,50.9,1,0.1,276,35.6,1,0.1,54,7,2,0.3,175,22.6,381,49.1,0,0,0,0,565,72.8,2,0.3,224,28.9,0,0,65,8.4,287,37,"HOUSTON ISD","'101912"
"'101912222","PORT HOUSTON EL",5,1.9,265,0,0,47,264,17.8,6,2.3,0,0,4,1.5,262,98.9,127,47.9,0,0,252,95.1,10,3.8,19,7.2,0,0,183,69.1,138,52.1,0,0,0,0,3,1.1,0,0,215,81.1,265,100,0,0,7,2.6,"HOUSTON ISD","'101912"
"'101912223","PUGH EL",7,1.9,370,0,0,44,345,12.8,9,2.4,0,0,13,3.5,355,95.9,172,46.5,0,0,357,96.5,0,0,11,3,2,0.5,155,41.9,198,53.5,0,0,0,0,15,4.1,0,0,231,62.4,370,100,1,0.3,1,0.3,"HOUSTON ISD","'101912"
"'101912224","RED EL",13,2.1,610,21,3.4,95,556,17.1,107,17.5,0,0,17,2.8,425,69.7,282,46.2,0,0,377,61.8,0,0,11,1.8,1,0.2,183,30,328,53.8,0,0,0,0,185,30.3,0,0,278,45.6,610,100,14,2.3,90,14.8,"HOUSTON ISD","'101912"
"'101912225","REYNOLDS EL",6,1.7,354,2,0.6,129,397,32.5,303,85.6,2,0.4,8,2.3,339,95.8,175,49.4,0,0,40,11.3,1,0.3,1,0.3,2,0.6,5,1.4,179,50.6,0,0,0,0,15,4.2,0,0,134,37.9,354,100,1,0.3,6,1.7,"HOUSTON ISD","'101912"
"'101912227","MCNAMARA EL",3,0.3,890,114,12.8,168,832,20.2,99,11.1,1,0.1,4,0.4,861,96.7,432,48.5,0,0,626,70.3,33,3.7,164,18.4,1,0.1,736,82.7,458,51.5,0,0,0,0,29,3.3,2,0.2,792,89,890,100,6,0.7,42,4.7,"HOUSTON ISD","'101912"
"'101912228","RIVER OAKS EL",27,4.4,616,217,35.2,65,533,12.2,29,4.7,0,0,14,2.3,72,11.7,284,46.1,0,0,93,15.1,1,0.2,16,2.6,0,0,53,8.6,332,53.9,0,0,0,0,544,88.3,0,0,83,13.5,0,0,59,9.6,218,35.4,"HOUSTON ISD","'101912"
"'101912229","ROBERTS EL",23,3.3,687,221,32.2,147,632,23.3,69,10,0,0,14,2,80,11.6,337,49.1,0,0,95,13.8,0,0,59,8.6,0,0,126,18.3,350,50.9,0,0,0,0,607,88.4,1,0.1,155,22.6,0,0,48,7,253,36.8,"HOUSTON ISD","'101912"
"'101912231","ROOSEVELT EL",12,2.4,507,2,0.4,64,500,12.8,22,4.3,0,0,7,1.4,429,84.6,252,49.7,0,0,468,92.3,0,0,3,0.6,1,0.2,189,37.3,255,50.3,0,0,0,0,78,15.4,0,0,285,56.2,507,100,2,0.4,12,2.4,"HOUSTON ISD","'101912"
"'101912232","ROSS EL",2,0.7,295,0,0,57,292,19.5,155,52.5,0,0,7,2.4,283,95.9,135,45.8,0,0,137,46.4,0,0,3,1,0,0,89,30.2,160,54.2,0,0,0,0,12,4.1,0,0,129,43.7,295,100,2,0.7,1,0.3,"HOUSTON ISD","'101912"
"'101912233","RUCKER EL",16,4.2,379,0,0,60,323,18.6,10,2.6,0,0,11,2.9,366,96.6,168,44.3,0,0,360,95,22,5.8,5,1.3,0,0,180,47.5,211,55.7,0,0,0,0,13,3.4,0,0,258,68.1,379,100,0,0,9,2.4,"HOUSTON ISD","'101912"
"'101912234","BAYLOR COLLEGE OF MEDICINE BIOTECH",28,6.5,428,3,0.7,15,305,4.9,95,22.2,0,0,14,3.3,333,77.8,211,49.3,0,0,319,74.5,0,0,0,0,1,0.2,84,19.6,217,50.7,0,0,0,0,95,22.2,0,0,112,26.2,428,100,0,0,10,2.3,"HOUSTON ISD","'101912"
"'101912237","SCARBOROUGH EL",6,1,581,0,0,94,530,17.7,10,1.7,0,0,7,1.2,556,95.7,271,46.6,0,0,570,98.1,6,1,26,4.5,0,0,377,64.9,310,53.4,0,0,1,0.2,25,4.3,0,0,435,74.9,581,100,0,0,1,0.2,"HOUSTON ISD","'101912"
"'101912239","SHEARN EL",6,1.2,481,16,3.3,99,470,21.1,104,21.6,1,0.2,2,0.4,462,96,235,48.9,0,0,340,70.7,14,2.9,26,5.4,0,0,288,59.9,246,51.1,0,0,0,0,19,4,0,0,346,71.9,481,100,2,0.4,19,4,"HOUSTON ISD","'101912"
"'101912240","SHERMAN EL",11,2,564,1,0.2,75,517,14.5,38,6.7,0,0,8,1.4,537,95.2,255,45.2,0,0,504,89.4,16,2.8,14,2.5,1,0.2,231,41,309,54.8,1,0.2,0,0,27,4.8,0,0,416,73.8,564,100,0,0,20,3.5,"HOUSTON ISD","'101912"
"'101912241","SINCLAIR EL",21,3.6,584,22,3.8,73,508,14.4,50,8.6,0,0,19,3.3,186,31.8,271,46.4,0,0,246,42.1,10,1.7,2,0.3,2,0.3,28,4.8,313,53.6,0,0,3,0.5,398,68.2,4,0.7,86,14.7,584,100,17,2.9,243,41.6,"HOUSTON ISD","'101912"
"'101912242","SMITH EL",3,0.4,786,0,0,187,745,25.1,94,12,0,0,7,0.9,722,91.9,379,48.2,0,0,664,84.5,0,0,69,8.8,0,0,458,58.3,407,51.8,0,0,1,0.1,64,8.1,0,0,544,69.2,786,100,7,0.9,21,2.7,"HOUSTON ISD","'101912"
"'101912243","THOMPSON EL",6,1.5,404,1,0.2,75,374,20.1,378,93.6,0,0,6,1.5,400,99,198,49,1,0.2,23,5.7,15,3.7,0,0,0,0,8,2,206,51,0,0,0,0,4,1,0,0,151,37.4,404,100,2,0.5,0,0,"HOUSTON ISD","'101912"
"'101912244","SOUTHMAYD EL",11,2.4,457,0,0,60,466,12.9,14,3.1,0,0,18,3.9,430,94.1,206,45.1,0,0,441,96.5,0,0,9,2,0,0,213,46.6,251,54.9,1,0.2,0,0,27,5.9,0,0,276,60.4,457,100,1,0.2,1,0.2,"HOUSTON ISD","'101912"
"'101912245","STEVENS EL",23,4.3,541,1,0.2,128,534,24,56,10.4,0,0,16,3,487,90,260,48.1,0,0,442,81.7,14,2.6,42,7.8,0,0,256,47.3,281,51.9,0,0,0,0,54,10,0,0,325,60.1,541,100,9,1.7,33,6.1,"HOUSTON ISD","'101912"
"'101912247","YOUNG EL",8,2.2,368,0,0,131,346,37.9,305,82.9,0,0,3,0.8,366,99.5,183,49.7,3,0.8,51,13.9,109,29.6,1,0.3,0,0,6,1.6,185,50.3,0,0,0,0,2,0.5,0,0,212,57.6,368,100,4,1.1,8,2.2,"HOUSTON ISD","'101912"
"'101912248","SUTTON EL",16,1.6,1026,115,11.2,190,979,19.4,77,7.5,0,0,15,1.5,957,93.3,494,48.1,0,0,754,73.5,3,0.3,147,14.3,3,0.3,735,71.6,532,51.9,2,0.2,0,0,69,6.7,0,0,800,78,1026,100,10,1,67,6.5,"HOUSTON ISD","'101912"
"'101912249","TRAVIS EL",58,8.4,692,21,3,57,607,9.4,26,3.8,0,0,44,6.4,99,14.3,374,54,0,0,212,30.6,5,0.7,6,0.9,1,0.1,23,3.3,318,46,0,0,4,0.6,593,85.7,0,0,67,9.7,0,0,42,6.1,390,56.4,"HOUSTON ISD","'101912"
"'101912251","TWAIN EL",52,6.1,856,172,20.1,142,774,18.3,81,9.5,0,0,29,3.4,128,15,418,48.8,0,0,193,22.5,0,0,79,9.2,3,0.4,144,16.8,438,51.2,0,0,0,0,728,85,0,0,191,22.3,0,0,44,5.1,363,42.4,"HOUSTON ISD","'101912"
"'101912252","WAINWRIGHT EL",4,1,402,4,1,155,453,34.2,62,15.4,0,0,2,0.5,372,92.5,193,48,3,0.7,309,76.9,0,0,23,5.7,0,0,175,43.5,209,52,0,0,0,0,30,7.5,0,0,224,55.7,402,100,5,1.2,22,5.5,"HOUSTON ISD","'101912"
"'101912253","WALNUT BEND EL",24,3.7,652,18,2.8,205,645,31.8,232,35.6,2,0.2,12,1.8,553,84.8,302,46.3,3,0.5,309,47.4,5,0.8,61,9.4,3,0.5,249,38.2,350,53.7,0,0,0,0,99,15.2,0,0,330,50.6,652,100,18,2.8,72,11,"HOUSTON ISD","'101912"
"'101912254","WESLEY EL",4,1.5,262,0,0,136,338,40.2,201,76.7,2,0.5,3,1.1,255,97.3,143,54.6,0,0,50,19.1,2,0.8,0,0,0,0,14,5.3,119,45.4,0,0,0,0,7,2.7,0,0,112,42.7,262,100,1,0.4,10,3.8,"HOUSTON ISD","'101912"
"'101912255","WEST UNIVERSITY EL",57,5,1141,216,18.9,179,1090,16.4,25,2.2,0,0,35,3.1,40,3.5,548,48,0,0,149,13.1,0,0,49,4.3,2,0.2,34,3,593,52,0,0,0,0,1101,96.5,1,0.1,86,7.5,0,0,60,5.3,688,60.3,"HOUSTON ISD","'101912"
"'101912256","WHARTON K-8 DUAL LANGUAGE ACADEMY",18,3,610,15,2.5,82,578,14.2,65,10.7,0,0,12,2,261,42.8,312,51.1,3,0.5,417,68.4,0,0,14,2.3,0,0,276,45.2,298,48.9,0,0,1,0.2,349,57.2,0,0,342,56.1,610,100,14,2.3,99,16.2,"HOUSTON ISD","'101912"
"'101912257","WHIDBY EL",10,2.3,433,18,4.2,126,428,29.4,309,71.4,0,0,4,0.9,397,91.7,209,48.3,0,0,91,21,0,0,3,0.7,0,0,62,14.3,224,51.7,0,0,0,0,36,8.3,1,0.2,158,36.5,433,100,6,1.4,8,1.8,"HOUSTON ISD","'101912"
"'101912258","WHITTIER EL",4,1,415,7,1.7,80,437,18.3,10,2.4,0,0,14,3.4,406,97.8,216,52,0,0,388,93.5,0,0,21,5.1,0,0,192,46.3,199,48,1,0.2,0,0,9,2.2,0,0,251,60.5,415,100,0,0,10,2.4,"HOUSTON ISD","'101912"
"'101912259","WILSON MONTESSORI",64,10.9,587,61,10.4,119,578,20.6,55,9.4,0,0,39,6.6,203,34.6,305,52,1,0.2,245,41.7,0,0,20,3.4,0,0,135,23,282,48,2,0.3,2,0.3,384,65.4,0,0,217,37,1,0.2,30,5.1,196,33.4,"HOUSTON ISD","'101912"
"'101912260","WINDSOR VILLAGE EL",9,1.3,685,4,0.6,102,626,16.3,222,32.4,0,0,6,0.9,634,92.6,358,52.3,0,0,447,65.3,0,0,10,1.5,3,0.4,287,41.9,327,47.7,0,0,0,0,51,7.4,0,0,404,59,685,100,2,0.3,7,1,"HOUSTON ISD","'101912"
"'101912262","GRISSOM EL",8,1.6,492,1,0.2,78,446,17.5,119,24.2,0,0,10,2,457,92.9,237,48.2,0,0,366,74.4,62,12.6,18,3.7,1,0.2,279,56.7,255,51.8,0,0,0,0,35,7.1,0,0,356,72.4,492,100,2,0.4,3,0.6,"HOUSTON ISD","'101912"
"'101912263","LAW EL",19,3.2,598,4,0.7,114,566,20.1,416,69.6,0,0,7,1.2,578,96.7,275,46,0,0,161,26.9,2,0.3,2,0.3,1,0.2,98,16.4,323,54,0,0,0,0,20,3.3,1,0.2,208,34.8,598,100,7,1.2,8,1.3,"HOUSTON ISD","'101912"
"'101912264","MITCHELL EL",12,2.9,415,6,1.4,107,397,27,111,26.7,0,0,14,3.4,398,95.9,205,49.4,0,0,283,68.2,28,6.7,19,4.6,0,0,179,43.1,210,50.6,0,0,0,0,17,4.1,0,0,244,58.8,415,100,3,0.7,12,2.9,"HOUSTON ISD","'101912"
"'101912265","PETERSEN EL",4,1,389,5,1.3,66,341,19.4,79,20.3,0,0,2,0.5,365,93.8,203,52.2,5,1.3,299,76.9,0,0,5,1.3,0,0,161,41.4,186,47.8,0,0,0,0,24,6.2,0,0,225,57.8,389,100,2,0.5,4,1,"HOUSTON ISD","'101912"
"'101912267","WHITE E EL",13,1.8,707,83,11.7,100,634,15.8,30,4.2,0,0,11,1.6,671,94.9,368,52.1,0,0,575,81.3,13,1.8,69,9.8,1,0.1,546,77.2,339,47.9,1,0.1,0,0,36,5.1,0,0,591,83.6,707,100,1,0.1,17,2.4,"HOUSTON ISD","'101912"
"'101912268","BENBROOK EL",12,2.4,495,2,0.4,110,480,22.9,19,3.8,0,0,10,2,465,93.9,268,54.1,0,0,459,92.7,1,0.2,34,6.9,4,0.8,315,63.6,227,45.9,0,0,0,0,30,6.1,0,0,378,76.4,495,100,1,0.2,10,2,"HOUSTON ISD","'101912"
"'101912269","SCROGGINS EL",12,3,398,0,0,53,372,14.2,10,2.5,0,0,12,3,375,94.2,205,51.5,0,0,383,96.2,6,1.5,11,2.8,0,0,191,48,193,48.5,0,0,0,0,23,5.8,0,0,280,70.4,398,100,0,0,5,1.3,"HOUSTON ISD","'101912"
"'101912271","FOERSTER EL",4,0.6,659,20,3,206,645,31.9,408,61.9,1,0.1,2,0.3,655,99.4,340,51.6,0,0,213,32.3,7,1.1,68,10.3,2,0.3,207,31.4,319,48.4,0,0,0,0,4,0.6,1,0.2,315,47.8,659,100,4,0.6,11,1.7,"HOUSTON ISD","'101912"
"'101912273","ASHFORD EL",9,1.7,517,14,2.7,207,561,36.9,245,47.4,0,0,10,1.9,439,84.9,236,45.6,1,0.2,206,39.8,15,2.9,27,5.2,1,0.2,150,29,281,54.4,0,0,0,0,78,15.1,0,0,257,49.7,517,100,13,2.5,38,7.4,"HOUSTON ISD","'101912"
"'101912274","ASKEW EL",30,3.6,827,104,12.6,246,802,30.7,304,36.8,0,0,19,2.3,541,65.4,413,49.9,0,0,282,34.1,0,0,55,6.7,1,0.1,240,29,414,50.1,0,0,4,0.5,286,34.6,1,0.1,317,38.3,827,100,29,3.5,106,12.8,"HOUSTON ISD","'101912"
"'101912275","BUSH EL",15,1.8,815,313,38.4,153,762,20.1,81,9.9,0,0,11,1.3,158,19.4,386,47.4,0,0,202,24.8,0,0,104,12.8,2,0.2,218,26.7,429,52.6,0,0,1,0.1,657,80.6,0,0,229,28.1,1,0.1,30,3.7,187,22.9,"HOUSTON ISD","'101912"
"'101912276","SHADOWBRIAR EL",10,2.1,483,17,3.5,231,582,39.7,285,59,0,0,6,1.2,363,75.2,238,49.3,0,0,129,26.7,1,0.2,20,4.1,2,0.4,57,11.8,245,50.7,0,0,0,0,120,24.8,1,0.2,137,28.4,453,93.8,9,1.9,40,8.3,"HOUSTON ISD","'101912"
"'101912279","TIJERINA EL",5,1.6,309,0,0,69,309,22.3,7,2.3,0,0,5,1.6,295,95.5,152,49.2,0,0,300,97.1,1,0.3,32,10.4,0,0,197,63.8,157,50.8,0,0,0,0,14,4.5,0,0,227,73.5,309,100,0,0,2,0.6,"HOUSTON ISD","'101912"
"'101912281","SANCHEZ EL",11,2,548,0,0,85,516,16.5,11,2,0,0,9,1.6,534,97.4,265,48.4,0,0,533,97.3,0,0,47,8.6,0,0,291,53.1,283,51.6,0,0,0,0,14,2.6,0,0,366,66.8,548,100,0,0,4,0.7,"HOUSTON ISD","'101912"
"'101912283","GARCIA EL",10,2.3,437,2,0.5,116,450,25.8,95,21.7,0,0,15,3.4,427,97.7,209,47.8,2,0.5,333,76.2,25,5.7,9,2.1,1,0.2,199,45.5,228,52.2,0,0,0,0,10,2.3,0,0,264,60.4,437,100,1,0.2,5,1.1,"HOUSTON ISD","'101912"
"'101912285","VALLEY WEST EL",9,1.2,735,18,2.4,152,718,21.2,308,41.9,0,0,16,2.2,682,92.8,359,48.8,3,0.4,391,53.2,0,0,21,2.9,2,0.3,321,43.7,376,51.2,0,0,0,0,53,7.2,0,0,412,56.1,735,100,7,1,9,1.2,"HOUSTON ISD","'101912"
"'101912286","HERRERA EL",31,3.8,818,1,0.1,84,766,11,10,1.2,0,0,23,2.8,814,99.5,386,47.2,0,0,790,96.6,0,0,8,1,0,0,364,44.5,432,52.8,1,0.1,0,0,4,0.5,0,0,447,54.6,818,100,0,0,17,2.1,"HOUSTON ISD","'101912"
"'101912287","CAGE EL",14,3,464,3,0.6,64,437,14.6,11,2.4,0,0,3,0.6,423,91.2,237,51.1,0,0,440,94.8,0,0,25,5.4,0,0,225,48.5,227,48.9,0,0,0,0,41,8.8,0,0,292,62.9,464,100,1,0.2,9,1.9,"HOUSTON ISD","'101912"
"'101912289","MARTINEZ C EL",3,0.9,324,1,0.3,78,332,23.5,143,44.1,0,0,10,3.1,319,98.5,166,51.2,0,0,178,54.9,0,0,4,1.2,0,0,95,29.3,158,48.8,0,0,0,0,5,1.5,0,0,171,52.8,324,100,1,0.3,1,0.3,"HOUSTON ISD","'101912"
"'101912290","CRESPO EL",9,1.4,637,4,0.6,104,623,16.7,7,1.1,0,0,9,1.4,608,95.4,323,50.7,0,0,622,97.6,0,0,41,6.4,0,0,473,74.3,314,49.3,0,0,0,0,29,4.6,0,0,525,82.4,637,100,1,0.2,3,0.5,"HOUSTON ISD","'101912"
"'101912291","GALLEGOS EL",1,0.3,318,0,0,48,304,15.8,8,2.5,0,0,2,0.6,306,96.2,147,46.2,0,0,309,97.2,0,0,6,1.9,0,0,154,48.4,171,53.8,0,0,0,0,12,3.8,0,0,209,65.7,318,100,0,0,1,0.3,"HOUSTON ISD","'101912"
"'101912292","CARRILLO EL",4,0.9,433,4,0.9,68,431,15.8,6,1.4,0,0,5,1.2,342,79,209,48.3,0,0,408,94.2,0,0,20,4.6,0,0,211,48.7,224,51.7,0,0,0,0,91,21,0,0,259,59.8,433,100,1,0.2,14,3.2,"HOUSTON ISD","'101912"
"'101912295","BENAVIDEZ EL",13,1.4,900,117,13,241,929,25.9,72,8,2,0.2,2,0.2,896,99.6,431,47.9,0,0,676,75.1,25,2.8,220,24.4,1,0.1,780,86.7,469,52.1,2,0.2,0,0,4,0.4,0,0,812,90.2,900,100,3,0.3,31,3.4,"HOUSTON ISD","'101912"
"'101912297","DAVILA EL",6,1.5,404,0,0,63,383,16.4,4,1,0,0,4,1,382,94.6,194,48,0,0,385,95.3,0,0,15,3.7,0,0,186,46,210,52,0,0,0,0,22,5.4,0,0,257,63.6,404,100,0,0,15,3.7,"HOUSTON ISD","'101912"
"'101912298","MARTINEZ R EL",5,1.1,476,0,0,68,462,14.7,11,2.3,0,0,4,0.8,459,96.4,210,44.1,0,0,459,96.4,6,1.3,15,3.2,0,0,194,40.8,266,55.9,0,0,0,0,17,3.6,0,0,287,60.3,476,100,0,0,6,1.3,"HOUSTON ISD","'101912"
"'101912299","MILNE EL",3,0.6,489,1,0.2,134,488,27.5,224,45.8,0,0,6,1.2,470,96.1,240,49.1,0,0,253,51.7,0,0,43,8.8,0,0,158,32.3,249,50.9,0,0,0,0,19,3.9,0,0,248,50.7,489,100,2,0.4,9,1.8,"HOUSTON ISD","'101912"
"'101912301","EASTWOOD ACADEMY",10,2.3,440,8,1.8,23,344,6.7,2,0.5,1,0.2,2,0.5,327,74.3,226,51.4,0,0,414,94.1,3,0.7,0,0,3,0.7,27,6.1,214,48.6,1,0.2,0,0,113,25.7,0,0,132,30,440,100,1,0.2,12,2.7,"HOUSTON ISD","'101912"
"'101912308","NORTH HOUSTON EARLY COLLEGE H S",12,2.5,489,2,0.4,-1,-1,2.2,49,10,0,0,4,0.8,426,87.1,275,56.2,0,0,433,88.5,1,0.2,1,0.2,0,0,68,13.9,214,43.8,1,0.2,0,0,63,12.9,0,0,203,41.5,489,100,1,0.2,4,0.8,"HOUSTON ISD","'101912"
"'101912310","HOUSTON MATH SCIENCE AND TECHNOLOG",89,3.4,2654,4,0.2,352,2224,15.8,198,7.5,175,5.8,109,4.1,2498,94.1,1241,46.8,0,0,2407,90.7,10,0.4,136,5.1,4,0.2,842,31.7,1413,53.2,5,0.2,0,0,156,5.9,1,0,1775,66.9,2607,98.2,6,0.2,34,1.3,"HOUSTON ISD","'101912"
"'101912311","MOUNT CARMEL ACADEMY",6,2.1,286,1,0.3,21,241,8.7,27,9.4,0,0,7,2.4,217,75.9,152,53.1,0,0,247,86.4,0,0,1,0.3,0,0,53,18.5,134,46.9,0,0,0,0,69,24.1,0,0,97,33.9,286,100,4,1.4,7,2.4,"HOUSTON ISD","'101912"
"'101912321","ENERGIZED FOR STEM ACADEMY H S",12,2,611,3,0.5,18,201,9,22,3.6,1,0.3,1,0.2,597,97.7,289,47.3,0,0,583,95.4,0,0,0,0,0,0,377,61.7,322,52.7,0,0,0,0,14,2.3,0,0,433,70.9,611,100,0,0,3,0.5,"HOUSTON ISD","'101912"
"'101912322","CARNEGIE VANGUARD H S",55,5.9,925,272,29.4,60,724,8.3,114,12.3,0,0,7,0.8,304,32.9,509,55,0,0,304,32.9,3,0.3,4,0.4,3,0.3,6,0.6,416,45,0,0,0,0,621,67.1,3,0.3,114,12.3,0,0,35,3.8,194,21,"HOUSTON ISD","'101912"
"'101912323","CHALLENGE EARLY COLLEGE H S",24,4.9,486,28,5.8,35,378,9.3,63,13,1,0.2,9,1.9,352,72.4,273,56.2,0,0,348,71.6,3,0.6,2,0.4,3,0.6,33,6.8,213,43.8,1,0.2,2,0.4,134,27.6,1,0.2,112,23,486,100,3,0.6,40,8.2,"HOUSTON ISD","'101912"
"'101912324","LIBERTY H S",1,0.3,292,3,1,41,264,15.5,14,4.8,1,0.2,0,0,292,100,127,43.5,0,0,269,92.1,38,13,176,60.3,0,0,268,91.8,165,56.5,0,0,0,0,0,0,0,0,288,98.6,292,100,0,0,6,2.1,"HOUSTON ISD","'101912"
"'101912337","PIN OAK MIDDLE",104,8.2,1272,204,16,35,862,4.1,109,8.6,3,0.2,35,2.8,397,31.2,659,51.8,0,0,456,35.8,0,0,6,0.5,2,0.2,158,12.4,613,48.2,0,0,0,0,875,68.8,0,0,189,14.9,0,0,54,4.2,447,35.1,"HOUSTON ISD","'101912"
"'101912338","ORTIZ MIDDLE",35,3.4,1022,22,2.2,115,750,15.3,175,17.1,22,1.9,25,2.4,984,96.3,546,53.4,1,0.1,814,79.6,0,0,63,6.2,2,0.2,462,45.2,476,46.6,0,0,0,0,38,3.7,0,0,713,69.8,1022,100,5,0.5,4,0.4,"HOUSTON ISD","'101912"
"'101912340","LAS AMERICAS",0,0,161,9,5.6,98,220,44.5,3,1.9,0,0,0,0,158,98.1,83,51.6,0,0,147,91.3,0,0,161,100,0,0,161,100,78,48.4,0,0,0,0,3,1.9,0,0,161,100,161,100,0,0,2,1.2,"HOUSTON ISD","'101912"
"'101912342","ENERGIZED FOR EXCELLENCE ACADEMY I",7,1.1,622,7,1.1,57,446,12.8,27,4.3,0,0,1,0.2,613,98.6,321,51.6,0,0,585,94.1,0,0,11,1.8,0,0,445,71.5,301,48.4,0,0,0,0,9,1.4,0,0,452,72.7,622,100,0,0,3,0.5,"HOUSTON ISD","'101912"
"'101912344","BRIARMEADOW CHARTER",56,9.6,584,154,26.4,94,570,16.5,51,8.7,0,0,36,6.2,284,48.6,300,51.4,0,0,165,28.3,0,0,33,5.7,1,0.2,179,30.7,284,48.6,0,0,0,0,300,51.4,1,0.2,338,57.9,584,100,28,4.8,184,31.5,"HOUSTON ISD","'101912"
"'101912345","EAST EARLY COLLEGE H S",15,3.4,446,12,2.7,-1,-1,2.1,14,3.1,0,0,1,0.2,368,82.5,235,52.7,0,0,418,93.7,5,1.1,1,0.2,0,0,35,7.8,211,47.3,0,0,0,0,78,17.5,1,0.2,154,34.5,446,100,0,0,1,0.2,"HOUSTON ISD","'101912"
"'101912348","HOUSTON ACADEMY FOR INTERNATIONAL",33,6.6,499,9,1.8,30,397,7.6,193,38.7,0,0,5,1,339,67.9,365,73.1,0,0,259,51.9,0,0,2,0.4,1,0.2,15,3,134,26.9,1,0.2,0,0,160,32.1,0,0,79,15.8,499,100,4,0.8,33,6.6,"HOUSTON ISD","'101912"
"'101912350","ENERGIZED FOR EXCELLENCE ACADEMY E",0,0,265,8,3,0,111,0,101,38.1,0,0,0,0,255,96.2,137,51.7,0,0,152,57.4,0,0,10,3.8,0,0,155,58.5,128,48.3,0,0,1,0.4,10,3.8,0,0,227,85.7,265,100,0,0,4,1.5,"HOUSTON ISD","'101912"
"'101912351","HARPER DAEP",0,0,16,0,0,.,.,.,8,50,0,0,2,12.5,16,100,3,18.8,0,0,8,50,0,0,0,0,0,0,2,12.5,13,81.3,0,0,0,0,0,0,0,0,14,87.5,16,100,0,0,0,0,"HOUSTON ISD","'101912"
"'101912352","FARIAS EARLY CHILDHOOD CENTER",0,0,353,0,0,0,73,0,14,4,0,0,0,0,353,100,195,55.2,0,0,331,93.8,61,17.3,12,3.4,1,0.3,237,67.1,158,44.8,0,0,0,0,0,0,0,0,352,99.7,353,100,0,0,7,2,"HOUSTON ISD","'101912"
"'101912353","SCHOOL AT ST GEORGE PLACE",28,3.7,753,140,18.6,146,674,21.7,136,18.1,0,0,21,2.8,350,46.5,383,50.9,0,0,276,36.7,0,0,79,10.5,3,0.4,269,35.7,370,49.1,0,0,1,0.1,403,53.5,2,0.3,329,43.7,753,100,33,4.4,163,21.6,"HOUSTON ISD","'101912"
"'101912354","MISTRAL CENTER FOR EARLY CHILDHOOD",0,0,263,14,5.3,267,349,76.5,33,12.5,0,0,0,0,253,96.2,128,48.7,0,0,206,78.3,8,3,29,11,1,0.4,214,81.4,135,51.3,0,0,0,0,10,3.8,0,0,253,96.2,263,100,1,0.4,8,3,"HOUSTON ISD","'101912"
"'101912355","KING EARLY CHILDHOOD CTR",0,0,279,0,0,331,401,82.5,155,55.6,0,0,0,0,279,100,152,54.5,0,0,121,43.4,7,2.5,2,0.7,0,0,75,26.9,127,45.5,0,0,0,0,0,0,0,0,247,88.5,279,100,1,0.4,2,0.7,"HOUSTON ISD","'101912"
"'101912357","LAURENZO EARLY CHILDHOOD CTR",0,0,207,0,0,203,317,64,4,1.9,0,0,0,0,203,98.1,99,47.8,0,0,196,94.7,0,0,1,0.5,1,0.5,111,53.6,108,52.2,0,0,0,0,4,1.9,0,0,198,95.7,207,100,3,1.4,3,1.4,"HOUSTON ISD","'101912"
"'101912358","COOK JR EL",13,2.5,520,1,0.2,179,557,32.1,309,59.4,0,0,11,2.1,508,97.7,239,46,0,0,193,37.1,2,0.4,0,0,1,0.2,123,23.7,281,54,1,0.2,0,0,12,2.3,0,0,240,46.2,520,100,5,1,11,2.1,"HOUSTON ISD","'101912"
"'101912359","MORENO EL",3,0.4,703,3,0.4,89,611,14.6,14,2,0,0,3,0.4,698,99.3,358,50.9,0,0,678,96.4,0,0,28,4,0,0,450,64,345,49.1,0,0,0,0,5,0.7,0,0,510,72.5,703,100,1,0.1,7,1,"HOUSTON ISD","'101912"
"'101912360","BELLFORT EARLY CHILDHOOD CENTER",0,0,347,1,0.3,33,177,18.6,64,18.4,0,0,0,0,344,99.1,164,47.3,0,0,269,77.5,0,0,9,2.6,1,0.3,207,59.7,183,52.7,0,0,0,0,3,0.9,0,0,276,79.5,347,100,2,0.6,10,2.9,"HOUSTON ISD","'101912"
"'101912364","ENERGIZED FOR EXCELLENCE ACADEMY E",2,0.1,1467,7,0.5,198,1367,14.5,200,13.6,0,0,8,0.5,1431,97.5,735,50.1,0,0,1249,85.1,1,0.1,130,8.9,5,0.3,1136,77.4,732,49.9,0,0,0,0,36,2.5,0,0,1197,81.6,1467,100,1,0.1,5,0.3,"HOUSTON ISD","'101912"
"'101912369","GROSS EL",8,1.5,534,7,1.3,108,520,20.8,241,45.1,0,0,6,1.1,512,95.9,260,48.7,0,0,272,50.9,10,1.9,9,1.7,0,0,210,39.3,274,51.3,1,0.2,0,0,22,4.1,0,0,304,56.9,534,100,3,0.6,11,2.1,"HOUSTON ISD","'101912"
"'101912371","YOUNG SCHOLARS ACADEMY FOR EXCELLE",1,0.9,107,0,0,49,123,39.8,102,95.3,0,0,3,2.8,98,91.6,58,54.2,0,0,4,3.7,0,0,0,0,0,0,0,0,49,45.8,0,0,0,0,9,8.4,0,0,40,37.4,107,100,0,0,1,0.9,"HOUSTON ISD","'101912"
"'101912372","RODRIGUEZ EL",3,0.3,961,38,4,168,838,20,70,7.3,0,0,10,1,945,98.3,456,47.5,0,0,841,87.5,8,0.8,215,22.4,1,0.1,803,83.6,505,52.5,2,0.2,0,0,16,1.7,1,0.1,845,87.9,961,100,2,0.2,8,0.8,"HOUSTON ISD","'101912"
"'101912373","SEGUIN EL",6,1.4,441,0,0,84,448,18.8,37,8.4,0,0,7,1.6,413,93.7,227,51.5,0,0,399,90.5,0,0,23,5.2,0,0,255,57.8,214,48.5,1,0.2,0,0,28,6.3,0,0,303,68.7,441,100,1,0.2,4,0.9,"HOUSTON ISD","'101912"
"'101912374","TINSLEY EL",8,1.4,580,1,0.2,124,539,23,57,9.8,0,0,3,0.5,574,99,297,51.2,0,0,518,89.3,1,0.2,127,21.9,1,0.2,482,83.1,283,48.8,0,0,0,0,6,1,0,0,511,88.1,580,100,2,0.3,1,0.2,"HOUSTON ISD","'101912"
"'101912380","R D S P D",0,0,30,1,3.3,0,21,0,3,10,0,0,0,0,8,26.7,17,56.7,0,0,17,56.7,0,0,0,0,0,0,0,0,13,43.3,0,0,0,0,22,73.3,0,0,0,0,0,0,0,0,9,30,"HOUSTON ISD","'101912"
"'101912382","REAGAN K-8 EDUCATIONAL CTR",25,2.9,874,3,0.3,171,888,19.3,248,28.4,12,1.1,23,2.6,818,93.6,392,44.9,0,0,613,70.1,4,0.5,22,2.5,1,0.1,456,52.2,482,55.1,4,0.5,0,0,56,6.4,0,0,542,62,874,100,2,0.2,7,0.8,"HOUSTON ISD","'101912"
"'101912383","DEANDA EL",5,0.8,603,6,1,114,593,19.2,25,4.1,0,0,13,2.2,552,91.5,293,48.6,0,0,561,93,13,2.2,23,3.8,0,0,373,61.9,310,51.4,0,0,0,0,51,8.5,0,0,414,68.7,603,100,2,0.3,9,1.5,"HOUSTON ISD","'101912"
"'101912389","KETELSEN EL",8,1.6,511,0,0,57,465,12.3,13,2.5,0,0,15,2.9,487,95.3,268,52.4,0,0,492,96.3,1,0.2,12,2.3,0,0,206,40.3,243,47.6,0,0,0,0,24,4.7,0,0,283,55.4,511,100,1,0.2,5,1,"HOUSTON ISD","'101912"
"'101912390","ENERGIZED FOR STEM ACADEMY MIDDLE",4,0.9,432,10,2.3,11,91,12.1,50,11.6,0,0,7,1.6,424,98.1,211,48.8,0,0,360,83.3,0,0,18,4.2,0,0,283,65.5,221,51.2,1,0.2,0,0,8,1.9,0,0,297,68.8,432,100,1,0.2,11,2.5,"HOUSTON ISD","'101912"
"'101912392","YOUNG LEARNERS",1,0.2,481,2,0.4,0,258,0,129,26.8,0,0,0,0,477,99.2,237,49.3,0,0,334,69.4,0,0,12,2.5,1,0.2,209,43.5,244,50.7,2,0.4,0,0,4,0.8,1,0.2,332,69,481,100,5,1,9,1.9,"HOUSTON ISD","'101912"
"'101912394","NEFF EL",16,2.1,750,51,6.8,76,595,12.8,52,6.9,0,0,8,1.1,703,93.7,371,49.5,0,0,630,84,9,1.2,56,7.5,0,0,539,71.9,379,50.5,3,0.4,0,0,47,6.3,0,0,562,74.9,750,100,1,0.1,16,2.1,"HOUSTON ISD","'101912"
"'101912395","HINES-CALDWELL",12,1.7,723,5,0.7,87,685,12.7,128,17.7,0,0,23,3.2,669,92.5,377,52.1,0,0,582,80.5,5,0.7,14,1.9,0,0,441,61,346,47.9,2,0.3,0,0,54,7.5,0,0,509,70.4,723,100,4,0.6,4,0.6,"HOUSTON ISD","'101912"
"'101912396","RAY DAILY EL",9,1.3,718,108,15,210,672,31.3,209,29.1,0,0,7,1,429,59.7,354,49.3,0,0,269,37.5,0,0,128,17.8,3,0.4,289,40.3,364,50.7,0,0,0,0,289,40.3,1,0.1,367,51.1,718,100,19,2.6,109,15.2,"HOUSTON ISD","'101912"
"'101912402","SECONDARY DAEP",0,0,9,0,0,.,.,.,6,66.7,12,1.6,0,0,8,88.9,3,33.3,0,0,2,22.2,0,0,0,0,0,0,0,0,6,66.7,0,0,0,0,1,11.1,0,0,9,100,9,100,0,0,1,11.1,"HOUSTON ISD","'101912"
"'101912456","H S AHEAD ACADEMY",22,13.8,160,0,0,97,165,58.8,89,55.6,17,7.3,12,7.5,159,99.4,62,38.8,0,0,68,42.5,22,13.8,0,0,0,0,30,18.8,98,61.3,0,0,0,0,1,0.6,0,0,132,82.5,160,100,2,1.3,1,0.6,"HOUSTON ISD","'101912"
"'101912458","MICKEY LELAND COLLEGE PREP ACAD FO",25,5.5,458,3,0.7,68,434,15.7,241,52.6,0,0,8,1.7,290,63.3,0,0,0,0,201,43.9,0,0,1,0.2,0,0,36,7.9,458,100,0,0,0,0,168,36.7,0,0,113,24.7,458,100,4,0.9,9,2,"HOUSTON ISD","'101912"
"'101912460","MANDARIN IMMERSION MAGNET SCHOOL",28,3.9,726,319,43.9,98,656,14.9,108,14.9,0,0,9,1.2,199,27.4,373,51.4,0,0,125,17.2,0,0,7,1,0,0,90,12.4,353,48.6,0,0,0,0,527,72.6,1,0.1,154,21.2,0,0,79,10.9,94,12.9,"HOUSTON ISD","'101912"
"'101912463","YOUNG WOMEN'S COLLEGE PREP ACADEMY",32,5.9,541,7,1.3,83,487,17,281,51.9,0,0,10,1.8,363,67.1,540,99.8,0,0,224,41.4,3,0.6,0,0,3,0.6,29,5.4,1,0.2,0,0,0,0,178,32.9,0,0,88,16.3,541,100,11,2,15,2.8,"HOUSTON ISD","'101912"
"'101912467","BAYLOR COLLEGE OF MEDICINE ACADEMY",27,4.3,621,33,5.3,46,443,10.4,299,48.1,0,0,11,1.8,479,77.1,319,51.4,0,0,259,41.7,1,0.2,1,0.2,1,0.2,51,8.2,302,48.6,0,0,0,0,142,22.9,0,0,87,14,621,100,5,0.8,24,3.9,"HOUSTON ISD","'101912"
"'101912468","ENERGY INSTITUTE H S",92,12.1,763,26,3.4,62,584,10.6,204,26.7,14,1.9,31,4.1,385,50.5,247,32.4,0,0,363,47.6,3,0.4,1,0.1,2,0.3,34,4.5,516,67.6,1,0.1,0,0,378,49.5,0,0,231,30.3,763,100,14,1.8,154,20.2,"HOUSTON ISD","'101912"
"'101912470","FONWOOD EARLY CHILDHOOD CTR",1,0.3,360,0,0,422,533,79.2,228,63.3,0,0,0,0,360,100,190,52.8,6,1.7,130,36.1,8,2.2,3,0.8,0,0,110,30.6,170,47.2,1,0.3,1,0.3,0,0,1,0.3,314,87.2,360,100,0,0,1,0.3,"HOUSTON ISD","'101912"
"'101912473","HILLIARD EL",15,2.8,542,1,0.2,131,482,27.2,368,67.9,0,0,8,1.5,525,96.9,288,53.1,4,0.7,160,29.5,18,3.3,2,0.4,1,0.2,79,14.6,254,46.9,0,0,0,0,17,3.1,0,0,247,45.6,542,100,5,0.9,7,1.3,"HOUSTON ISD","'101912"
"'101912475","ELMORE EL",10,1.6,607,1,0.2,134,549,24.4,270,44.5,1,0.1,5,0.8,595,98,287,47.3,2,0.3,328,54,20,3.3,23,3.8,0,0,239,39.4,320,52.7,1,0.2,0,0,12,2,0,0,333,54.9,607,100,2,0.3,6,1,"HOUSTON ISD","'101912"
"'101912476","FOREST BROOK MIDDLE",30,3.7,803,1,0.1,108,529,20.4,474,59,30,3.2,23,2.9,791,98.5,390,48.6,1,0.1,314,39.1,59,7.3,5,0.6,3,0.4,171,21.3,413,51.4,2,0.2,0,0,12,1.5,0,0,357,44.5,803,100,1,0.1,10,1.2,"HOUSTON ISD","'101912"
"'101912477","NORTH FOREST H S",18,1.9,969,1,0.1,168,783,21.5,550,56.8,50,4.5,30,3.1,928,95.8,482,49.7,1,0.1,404,41.7,177,18.3,18,1.9,3,0.3,169,17.4,487,50.3,0,0,0,0,41,4.2,0,0,616,63.6,969,100,1,0.1,10,1,"HOUSTON ISD","'101912"
"'101912478","ARABIC IMMERSION MAGNET SCHOOL",10,2.1,481,53,11,64,407,15.7,104,21.6,0,0,8,1.7,251,52.2,242,50.3,0,0,109,22.7,0,0,11,2.3,0,0,125,26,239,49.7,0,0,0,0,230,47.8,0,0,176,36.6,481,100,20,4.2,195,40.5,"HOUSTON ISD","'101912"
"'101912479","SHADYDALE EL",24,3.1,781,1,0.1,182,741,24.6,478,61.2,0,0,10,1.3,768,98.3,402,51.5,0,0,288,36.9,3,0.4,8,1,1,0.1,190,24.3,379,48.5,1,0.1,0,0,13,1.7,0,0,336,43,781,100,5,0.6,8,1,"HOUSTON ISD","'101912"
"'101912480","MARSHALL EL",10,1.3,767,0,0,125,726,17.2,235,30.6,0,0,11,1.4,750,97.8,367,47.8,0,0,519,67.7,0,0,14,1.8,1,0.1,419,54.6,400,52.2,1,0.1,0,0,17,2.2,1,0.1,485,63.2,767,100,2,0.3,9,1.2,"HOUSTON ISD","'101912"
"'101912483","MARK WHITE EL",14,2.2,631,95,15.1,166,627,26.5,127,20.1,0,0,10,1.6,450,71.3,316,50.1,0,0,257,40.7,0,0,64,10.1,5,0.8,305,48.3,315,49.9,0,0,0,0,181,28.7,1,0.2,366,58,631,100,12,1.9,134,21.2,"HOUSTON ISD","'101912"
"'101912484","MIDDLE COLLEGE H S AT HCC GULFTON",3,2.3,128,1,0.8,58,138,42,20,15.6,1,0.5,1,0.8,124,96.9,64,50,0,0,103,80.5,1,0.8,0,0,0,0,31,24.2,64,50,1,0.8,0,0,4,3.1,1,0.8,105,82,128,100,0,0,3,2.3,"HOUSTON ISD","'101912"
"'101912485","MIDDLE COLLEGE H S AT HCC FRAGA",5,4.9,103,0,0,37,110,33.6,5,4.9,0,0,1,1,92,89.3,55,53.4,0,0,98,95.1,10,9.7,0,0,0,0,24,23.3,48,46.6,0,0,0,0,11,10.7,0,0,68,66,103,100,0,0,0,0,"HOUSTON ISD","'101912"
"'101912486","SOUTH EARLY COLLEGE H S",26,6.1,427,9,2.1,31,331,9.4,199,46.6,0,0,6,1.4,355,83.1,242,56.7,0,0,209,48.9,2,0.5,0,0,0,0,40,9.4,185,43.3,1,0.2,0,0,72,16.9,2,0.5,138,32.3,427,100,0,0,8,1.9,"HOUSTON ISD","'101912"
